query,name,google_id,place_id,location_link,reviews_link,reviews_per_score,reviews,rating,review_id,review_pagination_id,author_link,author_title,author_id,author_image,author_reviews_count,author_ratings_count,review_text,review_img_urls,review_img_url,review_photo_ids,owner_answer,owner_answer_timestamp,owner_answer_timestamp_datetime_utc,review_link,review_rating,review_timestamp,review_datetime_utc,review_likes,reviews_id,review_questions_Meal type,review_questions_Price per person,review_questions_Food,review_questions_Service,review_questions_Atmosphere,review_questions_Reservation,review_questions_Noise level,review_questions_Parking space,review_questions_Parking options,review_questions_Kid-friendliness,review_questions_None,review_questions_Group size,review_questions_Wait time,review_questions_Vegetarian options,review_questions,review_questions_Wheelchair accessibility,review_questions_Seating type
ChIJbVusaw5xhlQRaTWJIYOwgQc,KINTON RAMEN ROBSON,0x5486710e6bac5b6d:0x781b08321893569,ChIJbVusaw5xhlQRaTWJIYOwgQc,"https://www.google.com/maps/place/KINTON+RAMEN+ROBSON/@49.2795383,-123.1172879,14z/data=!4m8!1m2!2m1!1sKINTON+RAMEN+ROBSON!3m4!1s0x5486710e6bac5b6d:0x781b08321893569!8m2!3d49.2795383!4d-123.1172879",https://search.google.com/local/reviews?placeid=ChIJbVusaw5xhlQRaTWJIYOwgQc&q=*&authuser=0&hl=en&gl=CA,,1834,4.7,Ci9DQUlRQUNvZENodHljRjlvT2paSE56QXpNM2RsZVRKWmRHeE1WSEYyYW5KMlYxRRAB,CAESY0NBRVFBUnBFUTJwRlNVRlNTWEJEWjI5QlVEY3lSMWRWZVVSUGJGOWZSV2hDWHkxV2EyVTRTREp1TWpGSWFVaDZPRUZCUVVGQlIyZHVPVEpRV1VOYVdsUkpUVFpWV1VGRFNVRQ==,https://www.google.com/maps/contrib/109406135813599307223?hl=en,Ripul Jain,109406135813599307223,https://lh3.googleusercontent.com/a/ACg8ocImRhB9-jSt4frNQY1D7keNy3GepbqZ7NNYRqru33q1bCGmb6M=s120-c-rp-mo-ba4-br100,107,3,Good ramen with tasty broth. The spiciness is on point. Service was friendly and the facility was clean.,"https://lh3.googleusercontent.com/geougc-cs/AMBA38v8NeRaU4jdsfXG9t9Ykh4CtzpvwuKylSFaoK-0hsnRmCedKPP7362oKthDLhUAMH068220he3EVv_gi1rVL-9vLtN6K5Ng_XTK1i1rnkBS04WyCiWyDlMQL9ySkCHZMHUEFX_l6xrvFxY, https://lh3.googleusercontent.com/geougc-cs/AMBA38s2gYN0vA1WnvvHE5nbtrrIYTPnHsxnSaIRXnjoWJEJD7eIe-fBHFQ_NXHiJlk8_bPHEZJu_Hp3HGKdat-kaicWDeA2PGlI2d5H-GwxBzXhHKMHwlbk5PXb1XeK9fjQXbPlmWyLpb0Zlo4, https://lh3.googleusercontent.com/geougc-cs/AMBA38umUh5lhpu514CpK1zGZ7H6oC5TyEPrpxgbRWczYla_7jee5DITJlgu_XTgcvickOx0deDiTB4nGoy4gyR1ioeN9rp66kjYzyneJixBM6RFq0wl3QNKJBag1JKdBL4AM5XycGTluTqihk3d, https://lh3.googleusercontent.com/geougc-cs/AMBA38uPDdhAyz3GjWDfN6gd0DeTviv-l8fd7qSP-weeOG8v95CftkQg1WuFPrjwzdhBph87TY7H9_cW4w0g3l6noz7jKHXuqolqyHMGHgYBdA3jMtak_LegIQltRD4KCGj2rT-3cmi9U8zaA3Y, https://lh3.googleusercontent.com/geougc-cs/AMBA38uQGeYfsKv5sQ1Gr9QOM6Z5eRRJY2s8R7Jv8Vp3Gzj1f2M7jKQZfX0BYlp8exQ26CKyE4-d2BUrDhXp39urS8o4_zwANlxEWNTV6BvbVKw-w-4RTkiat8KDcyoJIRAv6Axty1icb3fa6gk, https://lh3.googleusercontent.com/geougc-cs/AMBA38tM-ufxtZ-8RaJtZVzTX-NpDaGwbfl7JL_ZL2LSLfw_B-0a8glpPNRBtK8HX1Q7rGgeS8n6m1TRLa6HbPrux8koqwTumpSCSptV2U0KZW3BhmIm4cfVXaggNdOFmfoLKc3N0YfJ4hmqJQ-n",https://lh3.googleusercontent.com/geougc-cs/AMBA38v8NeRaU4jdsfXG9t9Ykh4CtzpvwuKylSFaoK-0hsnRmCedKPP7362oKthDLhUAMH068220he3EVv_gi1rVL-9vLtN6K5Ng_XTK1i1rnkBS04WyCiWyDlMQL9ySkCHZMHUEFX_l6xrvFxY,"CIABIhAhWxp-DhdqRIhYWiUJZeP1, CIABIhBF2JQ-HVdKm5gmidXkzgfL, CIABIhBnfFfONmSztIG5DOwBF8Sn, CIABIhCVlFCIRibbNPhu4NMpL5PR, CIABIhCFZLJDDzX9w8tiYoyaCWbW, CIABIhCrKwB1oMcE1BS3kI6PwDIO",,,,https://www.google.com/maps/reviews/data=!4m8!14m7!1m6!2m5!1sCi9DQUlRQUNvZENodHljRjlvT2paSE56QXpNM2RsZVRKWmRHeE1WSEYyYW5KMlYxRRAB!2m1!1s0x0:0x781b08321893569!3m1!1s2@1:CAIQACodChtycF9oOjZHNzAzM3dleTJZdGxMVHF2anJ2V1E%7C0d3IJmEtWTE%7C?hl=en,5,1762735410,11/10/2025 00:43:30,,540907507511014761,Lunch,$20–30,5,5,5,Reservations not required,"Quiet, easy to talk",Somewhat difficult to find parking,Paid street parking,,"Parking, Kid-friendliness",,,,,,
ChIJbVusaw5xhlQRaTWJIYOwgQc,KINTON RAMEN ROBSON,0x5486710e6bac5b6d:0x781b08321893569,ChIJbVusaw5xhlQRaTWJIYOwgQc,"https://www.google.com/maps/place/KINTON+RAMEN+ROBSON/@49.2795383,-123.1172879,14z/data=!4m8!1m2!2m1!1sKINTON+RAMEN+ROBSON!3m4!1s0x5486710e6bac5b6d:0x781b08321893569!8m2!3d49.2795383!4d-123.1172879",https://search.google.com/local/reviews?placeid=ChIJbVusaw5xhlQRaTWJIYOwgQc&q=*&authuser=0&hl=en&gl=CA,,1834,4.7,Ci9DQUlRQUNvZENodHljRjlvT25GNGNVOXFWSGw2VFhsR01YVk1iR2R1ZUZCcldtYxAB,CAESYENBRVFBaHBDUTJrNFNVRlNTVzVEWjI5QlVEY3lSMWRoVkU5dVYxOWZSV2hCU1hkaGJrOVdVbXRmYlRkbk1uUTNkMEZCUVVGQlIyZG1YMEZ0VjJGVVQyNVhSMEZCYVVGQg==,https://www.google.com/maps/contrib/114885775918520211370?hl=en,Joe Mckay,114885775918520211370,https://lh3.googleusercontent.com/a-/ALV-UjXgrK4fJatFDCsDRxB4fEgcmvcAIvEUxABVMqzUK_eGKM1RBCLZ=s120-c-rp-mo-br100,9,0,Seriously good ramen. Had the house sake and pork miso. Delicious.,,,,,,,https://www.google.com/maps/reviews/data=!4m8!14m7!1m6!2m5!1sCi9DQUlRQUNvZENodHljRjlvT25GNGNVOXFWSGw2VFhsR01YVk1iR2R1ZUZCcldtYxAB!2m1!1s0x0:0x781b08321893569!3m1!1s2@1:CAIQACodChtycF9oOnF4cU9qVHl6TXlGMXVMbGdueFBrWmc%7C0d2wi9jJhqb%7C?hl=en,5,1762642826,11/08/2025 23:00:26,,540907507511014761,,,5,5,5,,,,,,,,,,,,
ChIJbVusaw5xhlQRaTWJIYOwgQc,KINTON RAMEN ROBSON,0x5486710e6bac5b6d:0x781b08321893569,ChIJbVusaw5xhlQRaTWJIYOwgQc,"https://www.google.com/maps/place/KINTON+RAMEN+ROBSON/@49.2795383,-123.1172879,14z/data=!4m8!1m2!2m1!1sKINTON+RAMEN+ROBSON!3m4!1s0x5486710e6bac5b6d:0x781b08321893569!8m2!3d49.2795383!4d-123.1172879",https://search.google.com/local/reviews?placeid=ChIJbVusaw5xhlQRaTWJIYOwgQc&q=*&authuser=0&hl=en&gl=CA,,1834,4.7,Ci9DQUlRQUNvZENodHljRjlvT25WWFFrTmtZVXQyWXkxa1pVVjFhVWwxYWxNNVZGRRAB,CAESY0NBRVFBeHBFUTJwRlNVRlNTWEJEWjI5QlVEY3lSMWRsVkRsbWExOWZSV2hDV1d4dE5FRlljVjlLYlVGRk1FTlVNRUZCUVVGQlIyZHVPUzFyYzBOYVdqVlFNUzFSV1VGRFNVRQ==,https://www.google.com/maps/contrib/101969552570353062177?hl=en,Lucas Tomás Pereyra,101969552570353062177,https://lh3.googleusercontent.com/a-/ALV-UjVlmBwDmXzk-lVpXY8fjMFqkgGHbTxuStLsBuvVGH-neSoa3Npd=s120-c-rp-mo-ba3-br100,24,60,,,,,"Hi Lucas, thank you for your rating! We hope to see you back soon.",1762586452,11/08/2025 07:20:52,https://www.google.com/maps/reviews/data=!4m8!14m7!1m6!2m5!1sCi9DQUlRQUNvZENodHljRjlvT25WWFFrTmtZVXQyWXkxa1pVVjFhVWwxYWxNNVZGRRAB!2m1!1s0x0:0x781b08321893569!3m1!1s2@1:CAIQACodChtycF9oOnVXQkNkYUt2Yy1kZUV1aUl1alM5VFE%7C0d2gH_qYbnC%7C?hl=en,5,1762575525,11/08/2025 04:18:45,,540907507511014761,,,5,5,5,,,,,,,,,,,,
ChIJbVusaw5xhlQRaTWJIYOwgQc,KINTON RAMEN ROBSON,0x5486710e6bac5b6d:0x781b08321893569,ChIJbVusaw5xhlQRaTWJIYOwgQc,"https://www.google.com/maps/place/KINTON+RAMEN+ROBSON/@49.2795383,-123.1172879,14z/data=!4m8!1m2!2m1!1sKINTON+RAMEN+ROBSON!3m4!1s0x5486710e6bac5b6d:0x781b08321893569!8m2!3d49.2795383!4d-123.1172879",https://search.google.com/local/reviews?placeid=ChIJbVusaw5xhlQRaTWJIYOwgQc&q=*&authuser=0&hl=en&gl=CA,,1834,4.7,Ci9DQUlRQUNvZENodHljRjlvT2s5TVZWOU9iVk5IUVZadVpYQkxOelZpVUdacGFWRRAB,CAESY0NBRVFCQnBFUTJwRlNVRlNTWEJEWjI5QlVEY3lSMWRtZWxoS1kxOWZSV2hEVW1sSldISTVlVVozWmtwZlRXdE1jMEZCUVVGQlIyZHVPUzFzU1VOYVdsOU9ZMngzV1VGRFNVRQ==,https://www.google.com/maps/contrib/101188629759675941157?hl=en,Diego Mena,101188629759675941157,https://lh3.googleusercontent.com/a-/ALV-UjV1BGChPYn4MMZFh4DwBU7furcy8MPPeojPe8cr2h9G1LQwrCs=s120-c-rp-mo-br100,2,6,,,,,"Hi Diego, thank you for your rating! We hope to see you back soon.",1762557651,11/07/2025 23:20:51,https://www.google.com/maps/reviews/data=!4m8!14m7!1m6!2m5!1sCi9DQUlRQUNvZENodHljRjlvT2s5TVZWOU9iVk5IUVZadVpYQkxOelZpVUdacGFWRRAB!2m1!1s0x0:0x781b08321893569!3m1!1s2@1:CAIQACodChtycF9oOk9MVV9ObVNHQVZuZXBLNzViUGZpaVE%7C0d2aAp8F-Yl%7C?hl=en,5,1762550517,11/07/2025 21:21:57,,540907507511014761,Dinner,$10–20,5,5,5,,"Quiet, easy to talk",,,,,Suitable for all group sizes,,,,,
ChIJbVusaw5xhlQRaTWJIYOwgQc,KINTON RAMEN ROBSON,0x5486710e6bac5b6d:0x781b08321893569,ChIJbVusaw5xhlQRaTWJIYOwgQc,"https://www.google.com/maps/place/KINTON+RAMEN+ROBSON/@49.2795383,-123.1172879,14z/data=!4m8!1m2!2m1!1sKINTON+RAMEN+ROBSON!3m4!1s0x5486710e6bac5b6d:0x781b08321893569!8m2!3d49.2795383!4d-123.1172879",https://search.google.com/local/reviews?placeid=ChIJbVusaw5xhlQRaTWJIYOwgQc&q=*&authuser=0&hl=en&gl=CA,,1834,4.7,Ci9DQUlRQUNvZENodHljRjlvT25aM1VFSkpSR0UwVm1oaFpURXhiR3cwVjNkMlFsRRAB,CAESY0NBRVFCUnBFUTJwRlNVRlNTWEJEWjI5QlVEY3lSMWRyWVUxamIxOWZSV2hEVFRGM1ZYVTVYMEp2WTJJdFJuUnVaMEZCUVVGQlIyZHVPVEpRWjBOYVlWSnZlSGxuV1VGRFNVRQ==,https://www.google.com/maps/contrib/116270648799440894944?hl=en,Joe De Britto,116270648799440894944,https://lh3.googleusercontent.com/a-/ALV-UjUzUib8VcNiVJ6ofwNa85-6XFxm6hX8nspeTiQ640dGu1sQGxw=s120-c-rp-mo-ba4-br100,99,16,"I will definitely get back here for more
The Sake Combo with Spicy Garlic Broth is perfect match.
The ramen has a rich broth and spicy as i ordered the Spicy Garlic Pork Ramen. Paris with the combo with hot sake is top notch.
The staffs are friendly, with their cultural greetings.
Their focus is the ramen menus only, and that is what i like so they concentrate more focus on the ramen taste.
Only just they have a quite limited space, but that is fine for me.",,,,,,,https://www.google.com/maps/reviews/data=!4m8!14m7!1m6!2m5!1sCi9DQUlRQUNvZENodHljRjlvT25aM1VFSkpSR0UwVm1oaFpURXhiR3cwVjNkMlFsRRAB!2m1!1s0x0:0x781b08321893569!3m1!1s2@1:CAIQACodChtycF9oOnZ3UEJJRGE0VmhhZTExbGw0V3d2QlE%7C0d2IJBT-3Wh%7C?hl=en,5,1762473228,11/06/2025 23:53:48,,540907507511014761,Lunch,$20–30,5,5,4,,Moderate noise,,,,,3-4 people,,,,,
ChIJbVusaw5xhlQRaTWJIYOwgQc,KINTON RAMEN ROBSON,0x5486710e6bac5b6d:0x781b08321893569,ChIJbVusaw5xhlQRaTWJIYOwgQc,"https://www.google.com/maps/place/KINTON+RAMEN+ROBSON/@49.2795383,-123.1172879,14z/data=!4m8!1m2!2m1!1sKINTON+RAMEN+ROBSON!3m4!1s0x5486710e6bac5b6d:0x781b08321893569!8m2!3d49.2795383!4d-123.1172879",https://search.google.com/local/reviews?placeid=ChIJbVusaw5xhlQRaTWJIYOwgQc&q=*&authuser=0&hl=en&gl=CA,,1834,4.7,Ci9DQUlRQUNvZENodHljRjlvT2xaRFgzbEJjVWxOZEZoUGIyOVFhVlExUlZGSVpHYxAB,CAESY0NBRVFCaHBFUTJwRlNVRlNTWEJEWjI5QlVEY3lSMWRzYWtoQk1GOWZSV2hCZVVWR05TMVlZbVI1WTFad1VrWnpSVUZCUVVGQlIyZHVPVEpRVFVOYVlWZE5ZMFJSV1VGRFNVRQ==,https://www.google.com/maps/contrib/110210528294625135561?hl=en,v,110210528294625135561,https://lh3.googleusercontent.com/a-/ALV-UjVJQ-CuyTS6o1RN5NLhUye8cxnjindl5dfNJJET6ymg-5Pv4Ws=s120-c-rp-mo-br100,6,0,"the service was a bit slow, we waited 30 mins for our two bowls. i’ve visited this location twice but the broth is not as flavourful as i’d like it to be. for the price i also think you can get much better ramen in the area (probably for cheaper too). the space is also really cramped, you can barely move. the staff are really nice though and the bathroom has mouthwash which is a nice touch 🙂",https://lh3.googleusercontent.com/geougc-cs/AMBA38uJHSUPwkdHNFyum8707bLu2UiKVmoy8Mfd0CdADv2Ldtlvc8Rpq0wXUea4TgPIo0hEC54Lf5nlo4xP7X0txEniaUeTs2aDkApAgGO42sEQ-8RQCSXMztoibQkvK0ZMsE1uzjNHctjNBLOS,https://lh3.googleusercontent.com/geougc-cs/AMBA38uJHSUPwkdHNFyum8707bLu2UiKVmoy8Mfd0CdADv2Ldtlvc8Rpq0wXUea4TgPIo0hEC54Lf5nlo4xP7X0txEniaUeTs2aDkApAgGO42sEQ-8RQCSXMztoibQkvK0ZMsE1uzjNHctjNBLOS,CIABIhB6Bfob_MXBWr4tw0b-XioA,,,,https://www.google.com/maps/reviews/data=!4m8!14m7!1m6!2m5!1sCi9DQUlRQUNvZENodHljRjlvT2xaRFgzbEJjVWxOZEZoUGIyOVFhVlExUlZGSVpHYxAB!2m1!1s0x0:0x781b08321893569!3m1!1s2@1:CAIQACodChtycF9oOlZDX3lBcUlNdFhPb29QaVQ1RVFIZGc%7C0d2DdXDy2U5%7C?hl=en,2,1762454114,11/06/2025 18:35:14,,540907507511014761,,$10–20,2,4,3,,,,,,,,,,,,
ChIJbVusaw5xhlQRaTWJIYOwgQc,KINTON RAMEN ROBSON,0x5486710e6bac5b6d:0x781b08321893569,ChIJbVusaw5xhlQRaTWJIYOwgQc,"https://www.google.com/maps/place/KINTON+RAMEN+ROBSON/@49.2795383,-123.1172879,14z/data=!4m8!1m2!2m1!1sKINTON+RAMEN+ROBSON!3m4!1s0x5486710e6bac5b6d:0x781b08321893569!8m2!3d49.2795383!4d-123.1172879",https://search.google.com/local/reviews?placeid=ChIJbVusaw5xhlQRaTWJIYOwgQc&q=*&authuser=0&hl=en&gl=CA,,1834,4.7,Ci9DQUlRQUNvZENodHljRjlvT2xkVU0yWkVWalpUYkVwdFYzRmlVV3B5UWpOaGVXYxAB,CAESY0NBRVFCeHBFUTJwRlNVRlNTWEJEWjI5QlVEY3lSMWQwZVhSWWJWOWZSV2hCY0RCeFJHSTBWVFpQTlhKemRHWnlaMEZCUVVGQlIyZHVPVEpUVFVOYVlUTkxNV1ZaV1VGRFNVRQ==,https://www.google.com/maps/contrib/105414533339785167355?hl=en,Summ,105414533339785167355,https://lh3.googleusercontent.com/a-/ALV-UjXMrMMvy2-ASolDJWUHmK5CgsjKkvyvnFfNuXVLs_v_eeyrn0eg=s120-c-rp-mo-ba3-br100,18,4,"Never had that bad service ever.
Especially the red hair girl Japanese server.
There are much more Ramen choice in Vancouver I would rather go Denbo.
I don’t know where the high rate comes from.",,,,,,,https://www.google.com/maps/reviews/data=!4m8!14m7!1m6!2m5!1sCi9DQUlRQUNvZENodHljRjlvT2xkVU0yWkVWalpUYkVwdFYzRmlVV3B5UWpOaGVXYxAB!2m1!1s0x0:0x781b08321893569!3m1!1s2@1:CAIQACodChtycF9oOldUM2ZEVjZTbEptV3FiUWpyQjNheWc%7C0d1gsUEM-Jc%7C?hl=en,1,1762315807,11/05/2025 04:10:07,,540907507511014761,Dinner,$20–30,1,1,1,,,,,,,,,,,,
ChIJbVusaw5xhlQRaTWJIYOwgQc,KINTON RAMEN ROBSON,0x5486710e6bac5b6d:0x781b08321893569,ChIJbVusaw5xhlQRaTWJIYOwgQc,"https://www.google.com/maps/place/KINTON+RAMEN+ROBSON/@49.2795383,-123.1172879,14z/data=!4m8!1m2!2m1!1sKINTON+RAMEN+ROBSON!3m4!1s0x5486710e6bac5b6d:0x781b08321893569!8m2!3d49.2795383!4d-123.1172879",https://search.google.com/local/reviews?placeid=ChIJbVusaw5xhlQRaTWJIYOwgQc&q=*&authuser=0&hl=en&gl=CA,,1834,4.7,Ci9DQUlRQUNvZENodHljRjlvT21JNE5Xc3dSMjVwWmtGQ1JWcDRNMjFJUldkSFkyYxAB,CAESY0NBRVFDQnBFUTJwRlNVRlNTWEJEWjI5QlVEY3lSMWMwVVhaT1NWOWZSV2hFUm5aUU5WUnFlbFJ1VDFkUGVsQnhkMEZCUVVGQlIyZHVPVEpVTkVOYVltaERPREJuV1VGRFNVRQ==,https://www.google.com/maps/contrib/101334038154677545153?hl=en,Vlada Zakharova,101334038154677545153,https://lh3.googleusercontent.com/a-/ALV-UjUBjjIEIEYEO2kX6TBwE-jCFVhm6EIImzRgQvdEgN8440FegI4X=s120-c-rp-mo-ba4-br100,145,9,"Very clean and cozy place! The ramen was delicious, the staff were friendly, and the prices were great.",https://lh3.googleusercontent.com/geougc-cs/AMBA38uquG0ASWGxTvj64RDp_Ud8qqYQ6LBpxHhEhPKI_DGYSBytCaOgn0T52eA7ZhnF18ubBMTJ5K5YWx7ClV-2zwEbPe8QQJ19_v9xXF379ApIntvHczmyI8HmrfcNLUAY_1F7TVKpKJ0qn3w,https://lh3.googleusercontent.com/geougc-cs/AMBA38uquG0ASWGxTvj64RDp_Ud8qqYQ6LBpxHhEhPKI_DGYSBytCaOgn0T52eA7ZhnF18ubBMTJ5K5YWx7ClV-2zwEbPe8QQJ19_v9xXF379ApIntvHczmyI8HmrfcNLUAY_1F7TVKpKJ0qn3w,CIABIhDVG5vz5IKby-h5b1p8QiIJ,"Thank you for your kind words, Vlada! We’re thrilled you enjoyed the ramen, our friendly staff, and the cozy atmosphere. 🍜😊 Your support means a lot, and we look forward to welcoming you back soon!",1762266526,11/04/2025 14:28:46,https://www.google.com/maps/reviews/data=!4m8!14m7!1m6!2m5!1sCi9DQUlRQUNvZENodHljRjlvT21JNE5Xc3dSMjVwWmtGQ1JWcDRNMjFJUldkSFkyYxAB!2m1!1s0x0:0x781b08321893569!3m1!1s2@1:CAIQACodChtycF9oOmI4NWswR25pZkFCRVp4M21IRWdHY2c%7C0d11-2ECJWR%7C?hl=en,4,1762140163,11/03/2025 03:22:43,,540907507511014761,Lunch,$10–20,4,5,4,,,,,,,,,,,,
ChIJbVusaw5xhlQRaTWJIYOwgQc,KINTON RAMEN ROBSON,0x5486710e6bac5b6d:0x781b08321893569,ChIJbVusaw5xhlQRaTWJIYOwgQc,"https://www.google.com/maps/place/KINTON+RAMEN+ROBSON/@49.2795383,-123.1172879,14z/data=!4m8!1m2!2m1!1sKINTON+RAMEN+ROBSON!3m4!1s0x5486710e6bac5b6d:0x781b08321893569!8m2!3d49.2795383!4d-123.1172879",https://search.google.com/local/reviews?placeid=ChIJbVusaw5xhlQRaTWJIYOwgQc&q=*&authuser=0&hl=en&gl=CA,,1834,4.7,Ci9DQUlRQUNvZENodHljRjlvT2kxNmRtRkJSVmRNUnpkTlVIWkZORWxYTlhSNVNuYxAB,CAESY0NBRVFDUnBFUTJwRlNVRlNTWEJEWjI5QlVEY3lSMWMwYlhaNlQxOWZSV2hDWkRGRlltZDNaVUozVDBGSFNuUklSVUZCUVVGQlIyZHVPVEpRVlVOYVltbGhYMDAwV1VGRFNVRQ==,https://www.google.com/maps/contrib/102234700036922000925?hl=en,Justin Parker,102234700036922000925,https://lh3.googleusercontent.com/a-/ALV-UjW1KqbzehdXWQeo73HPlGypkATveEpPGlyD6yBrxTAObE16JcB5uA=s120-c-rp-mo-ba5-br100,164,1,Really good ramen! I feel the variety is good and the quality is always very consistent. All the staff are very friendly. Highly recommend!,"https://lh3.googleusercontent.com/geougc-cs/AMBA38vkaEBC1xhSkc4PPqkmr8WkqlE83fyHW3f9kiXOb9UJyNiei8n1nZWh8qXyTN0KOsVPStNk_3SAEFKRB7jloLYO-N6XJZWS9J_bQHymM5pUw-kuZkzUj3dxWua-WS4uLmVDKUFlJedINDaU, https://lh3.googleusercontent.com/geougc-cs/AMBA38ugxvJSMLJ4giwEsPO_Nnd1bwttZwaj_ENie3wr9-HvS4G7OqtVE72TCbwnsKUstVTWmBayo2SLzXb9DJz4Ece2UpuRBBaY2VVu8zmiTsQyFa_NZmyPy7IDFgbP-roOx8TIXdB7SuRHp0Rz",https://lh3.googleusercontent.com/geougc-cs/AMBA38vkaEBC1xhSkc4PPqkmr8WkqlE83fyHW3f9kiXOb9UJyNiei8n1nZWh8qXyTN0KOsVPStNk_3SAEFKRB7jloLYO-N6XJZWS9J_bQHymM5pUw-kuZkzUj3dxWua-WS4uLmVDKUFlJedINDaU,"CIABIhCFRUqM_ISNpIGj0G7N318y, CIABIhBb9SCC9yuyoY2JMoN-IFiQ",,,,https://www.google.com/maps/reviews/data=!4m8!14m7!1m6!2m5!1sCi9DQUlRQUNvZENodHljRjlvT2kxNmRtRkJSVmRNUnpkTlVIWkZORWxYTlhSNVNuYxAB!2m1!1s0x0:0x781b08321893569!3m1!1s2@1:CAIQACodChtycF9oOi16dmFBRVdMRzdNUHZFNElXNXR5Snc%7C0d1-_taiGRg%7C?hl=en,5,1762134393,11/03/2025 01:46:33,,540907507511014761,Dinner,$20–30,5,5,5,,"Loud, but you can still talk",Somewhat difficult to find parking,Paid street parking,,Parking,"1 person, 2 people, 3-4 people",,,,,
ChIJbVusaw5xhlQRaTWJIYOwgQc,KINTON RAMEN ROBSON,0x5486710e6bac5b6d:0x781b08321893569,ChIJbVusaw5xhlQRaTWJIYOwgQc,"https://www.google.com/maps/place/KINTON+RAMEN+ROBSON/@49.2795383,-123.1172879,14z/data=!4m8!1m2!2m1!1sKINTON+RAMEN+ROBSON!3m4!1s0x5486710e6bac5b6d:0x781b08321893569!8m2!3d49.2795383!4d-123.1172879",https://search.google.com/local/reviews?placeid=ChIJbVusaw5xhlQRaTWJIYOwgQc&q=*&authuser=0&hl=en&gl=CA,,1834,4.7,Ci9DQUlRQUNvZENodHljRjlvT214a2IxZHNWMngwVm5CWVlXSnNNMmRGTTFSQmFYYxAB,CAESY0NBRVFDaHBFUTJwRlNVRlNTWEJEWjI5QlVEY3lSMWMxUjFCcGNsOWZSV2hDTkROUVMyUlFYemRtWTFObWJ6STNNRUZCUVVGQlIyZHVPUzF3YjBOYVltdFpMVXR6V1VGRFNVRQ==,https://www.google.com/maps/contrib/103609536910424793995?hl=en,Cynthia Guimaraes,103609536910424793995,https://lh3.googleusercontent.com/a-/ALV-UjWYCQLmuxVKGPQKf_hIbiqtRvDhWxeuU4_t241ln2n81tQcUIHiFg=s120-c-rp-mo-br100,12,2,,,,,"Hi Cynthia, thank you for your rating! We hope to see you back soon.",1762136583,11/03/2025 02:23:03,https://www.google.com/maps/reviews/data=!4m8!14m7!1m6!2m5!1sCi9DQUlRQUNvZENodHljRjlvT214a2IxZHNWMngwVm5CWVlXSnNNMmRGTTFSQmFYYxAB!2m1!1s0x0:0x781b08321893569!3m1!1s2@1:CAIQACodChtycF9oOmxkb1dsV2x0VnBYYWJsM2dFM1RBaXc%7C0d0yZt9IJZ5%7C?hl=en,5,1762126137,11/02/2025 23:28:57,,540907507511014761,,$20–30,5,5,5,,,,,,,,,,,,
ChIJbVusaw5xhlQRaTWJIYOwgQc,KINTON RAMEN ROBSON,0x5486710e6bac5b6d:0x781b08321893569,ChIJbVusaw5xhlQRaTWJIYOwgQc,"https://www.google.com/maps/place/KINTON+RAMEN+ROBSON/@49.2795383,-123.1172879,14z/data=!4m8!1m2!2m1!1sKINTON+RAMEN+ROBSON!3m4!1s0x5486710e6bac5b6d:0x781b08321893569!8m2!3d49.2795383!4d-123.1172879",https://search.google.com/local/reviews?placeid=ChIJbVusaw5xhlQRaTWJIYOwgQc&q=*&authuser=0&hl=en&gl=CA,,1834,4.7,Ci9DQUlRQUNvZENodHljRjlvT25aaFZVNXJkbk5zTkMxdVR6aGhOVU50YVU1bVVYYxAB,CAESY0NBRVFDeHBFUTJwRlNVRlNTWEJEWjI5QlVEY3lSMWM0WVVaWmNGOWZSV2hEWldSNk56aHBhMk5HVVdwR1MwbFRiMEZCUVVGQlIyZHVPVEpRVVVOYVluaHZWbWxyV1VGRFNVRQ==,https://www.google.com/maps/contrib/107277108124556053979?hl=en,김현서,107277108124556053979,https://lh3.googleusercontent.com/a-/ALV-UjXgfGiDJn7UZI2nyxASWscOOgNuz9EGtnorMu6a00XkkPxGeqBi=s120-c-rp-mo-br100,2,0,"국물이 땡겨서 라멘을 먹으러 감.
spicy garlic pork ramen 난 맵찔이지만 적당히 매워서 맛있게 잘먹음. 사실 매운 거보다 짠 게 더 커서 맵다고 느껴지지 않았음.",https://lh3.googleusercontent.com/geougc-cs/AMBA38sjodrPcvRB9x4WzhM5Jl7mOvB9gDTGIBVuHHN8MeZB9SpM09JYE0DXlE4CY6MNflVZcMKi-jsTMKbuzTKpdQVc6fwAWR0HrYGhM7OaGrwjLcyL5FZv_4zafwbD5yfjixqyq350WUt21ZU,https://lh3.googleusercontent.com/geougc-cs/AMBA38sjodrPcvRB9x4WzhM5Jl7mOvB9gDTGIBVuHHN8MeZB9SpM09JYE0DXlE4CY6MNflVZcMKi-jsTMKbuzTKpdQVc6fwAWR0HrYGhM7OaGrwjLcyL5FZv_4zafwbD5yfjixqyq350WUt21ZU,CIABIhAsYruO9q5NB8p3P8mv_Dv-,,,,https://www.google.com/maps/reviews/data=!4m8!14m7!1m6!2m5!1sCi9DQUlRQUNvZENodHljRjlvT25aaFZVNXJkbk5zTkMxdVR6aGhOVU50YVU1bVVYYxAB!2m1!1s0x0:0x781b08321893569!3m1!1s2@1:CAIQACodChtycF9oOnZhVU5rdnNsNC1uTzhhNUNtaU5mUXc%7C0d0l0BDhO_9%7C?hl=en,5,1762070604,11/02/2025 08:03:24,,540907507511014761,Dinner,$10–20,5,5,4,,"Quiet, easy to talk",,,,,"1 person, 2 people, 3-4 people",,,,,
ChIJbVusaw5xhlQRaTWJIYOwgQc,KINTON RAMEN ROBSON,0x5486710e6bac5b6d:0x781b08321893569,ChIJbVusaw5xhlQRaTWJIYOwgQc,"https://www.google.com/maps/place/KINTON+RAMEN+ROBSON/@49.2795383,-123.1172879,14z/data=!4m8!1m2!2m1!1sKINTON+RAMEN+ROBSON!3m4!1s0x5486710e6bac5b6d:0x781b08321893569!8m2!3d49.2795383!4d-123.1172879",https://search.google.com/local/reviews?placeid=ChIJbVusaw5xhlQRaTWJIYOwgQc&q=*&authuser=0&hl=en&gl=CA,,1834,4.7,Ci9DQUlRQUNvZENodHljRjlvT21ONVpHTnFlbWRLY1haeGNsZDVlalZyY1dNeU5IYxAB,CAESY0NBRVFEQnBFUTJwRlNVRlNTWEJEWjI5QlVEY3lSMWN0Wlc1aFNsOWZSV2hETkdJMlFsOW1OMmhtT0VaVlIyMWxTVUZCUVVGQlIyZHVPVEpRV1VOYVlqVTJaRzlyV1VGRFNVRQ==,https://www.google.com/maps/contrib/106260202804995340731?hl=en,Joshua McKellar,106260202804995340731,https://lh3.googleusercontent.com/a/ACg8ocII7J_SpLo_P3YWZtmA2wU-p3H3s_16gK8fyfOpHcuYyXBD9w=s120-c-rp-mo-ba4-br100,101,16,I don’t get the hype. Terrible service. As you can see the pork was poorly cooked (didn’t even try to eat it). And the tables are so close that when people slide by to sit down their whole butt gets all over your table. But maybe that’s your thing.,"https://lh3.googleusercontent.com/geougc-cs/AMBA38tUDkUtYxMArcgTn7xXhVkpmhUTWWbCPKDnqc6fsFBhffGJiNUmmzXubfr0t2SohCgDGgQU1Ms1TijbbjdByQwPczrbmfJrTZ0yoGwkPnASKxKYwrlRdNc1u46EVOAiks2g0nl6g5Or7Dc, https://lh3.googleusercontent.com/geougc-cs/AMBA38vByu99oxlF8vI0yzpnwrwkMkdTLh1uy9iGOlHZyctfoR-gc6WRfMRZitlYF-BOU1LCiZcuCvatrzZlWXxFZ2NlgL2nPn1eRBm9nSNPp_KNnh48bCYhKqeLRUIagxa2KqU75xHLgvml59sC",https://lh3.googleusercontent.com/geougc-cs/AMBA38tUDkUtYxMArcgTn7xXhVkpmhUTWWbCPKDnqc6fsFBhffGJiNUmmzXubfr0t2SohCgDGgQU1Ms1TijbbjdByQwPczrbmfJrTZ0yoGwkPnASKxKYwrlRdNc1u46EVOAiks2g0nl6g5Or7Dc,"CIABIhD9KACUHzPGkyDXepbUgtqG, CIABIhC9_pFOa2SpjGyuQ8KWSZKC",,,,https://www.google.com/maps/reviews/data=!4m8!14m7!1m6!2m5!1sCi9DQUlRQUNvZENodHljRjlvT21ONVpHTnFlbWRLY1haeGNsZDVlalZyY1dNeU5IYxAB!2m1!1s0x0:0x781b08321893569!3m1!1s2@1:CAIQACodChtycF9oOmN5ZGNqemdKcXZxcld5ejVrcWMyNHc%7C0d0cXKoO3LI%7C?hl=en,1,1762035861,11/01/2025 22:24:21,,540907507511014761,Lunch,$10–20,1,1,1,,,,,,,,,,,,
ChIJbVusaw5xhlQRaTWJIYOwgQc,KINTON RAMEN ROBSON,0x5486710e6bac5b6d:0x781b08321893569,ChIJbVusaw5xhlQRaTWJIYOwgQc,"https://www.google.com/maps/place/KINTON+RAMEN+ROBSON/@49.2795383,-123.1172879,14z/data=!4m8!1m2!2m1!1sKINTON+RAMEN+ROBSON!3m4!1s0x5486710e6bac5b6d:0x781b08321893569!8m2!3d49.2795383!4d-123.1172879",https://search.google.com/local/reviews?placeid=ChIJbVusaw5xhlQRaTWJIYOwgQc&q=*&authuser=0&hl=en&gl=CA,,1834,4.7,Ci9DQUlRQUNvZENodHljRjlvT21aWVN6aHRjR1ZHZW5RNE5WSTJaMnhITTJ4RGFIYxAB,CAESY0NBRVFEUnBFUTJwRlNVRlNTWEJEWjI5QlVEY3lSMWRmVW05c2FsOWZSV2hFV2kxMk5YQndVVTVGTUdKd2VuTTVORUZCUVVGQlIyZHVPVEpTYzBOYVlqbEhhVmROV1VGRFNVRQ==,https://www.google.com/maps/contrib/101393958912859340185?hl=en,Helia Bettero,101393958912859340185,https://lh3.googleusercontent.com/a-/ALV-UjVQU8wt4WPxqBQ6B9qhP29LpYB6WS_Ib1AOl-uG4X6aWqrod1i6Hg=s120-c-rp-mo-ba5-br100,169,7,Ótima e saborosa experiência…super indico,"https://lh3.googleusercontent.com/geougc-cs/AMBA38vw4-HK1E305pGfmqyqlM0UH18-WHBfWw1NwlQY0_4k0PX14KZjAYVVnxI3AkI_bI4O2nPA4BJWHlPaGH6pfH-NWZWpxLKtyIXn8Lo0TRGF-8u6GQzthKP_luKXjSivjtlPIoT4gPrtU9h7, https://lh3.googleusercontent.com/geougc-cs/AMBA38tkxGB_XGHhSkhjX-XGCZFs8dQmsvz97zM5B2jVAMSH3hWu44o2VAbzuezgb5iKJnVesycznUKXOsdwjMx3mECLRML7z3M2dm1N1hL-NYLABKGfi5aWoUrUmxXYMa3AZtpLQrPqnluolKZ4, https://lh3.googleusercontent.com/geougc-cs/AMBA38uxOdA-TFLZfqPdcO5uEt2vpgGQMkoyoSs6D4CY4MHGkRYGDZID0-P-_uwNr1QqkL0bYt2xtg6o5Q35PktOMBBrQztNHrrQ5P1aR5uJUvH1dc7J5A9ehcrmTvRcVctCdeuwmeRffqSEsTtK, https://lh3.googleusercontent.com/geougc-cs/AMBA38uoIWAzD6m3aCUR65PvkCxLCj2LPzhnbl0KR2mWymoL_GIrh0ItyYcSdzTy_qvy_jFx48lY8AuMSzWkgv1dFiWqnhpX8n8japRDWeby8212ppex7Ftc-Al6jTxMJpVPcVpki3rcMaRC3Ks, https://lh3.googleusercontent.com/geougc-cs/AMBA38sfn9YWWbgCc2_6Iq-O2E5o1wZRR91dCabq96MJXuzmccaqmeh-twp0x_WFD_Ax5dt_BueMBJQpH-4xs5njUz5t11y-O73fz4FvtgnuDdehSQ61_R-Agtb5TE4OJU9WSx28tZZClnpWY7Nr, https://lh3.googleusercontent.com/geougc-cs/AMBA38sciDTXL3no9K6f96x9IBgw1sk-6N9qoxcDPQJaa6069xYlUAyShUislkXDfokH2p9CI-t5e30TmtQLmTAouJjgU8494R708LcOlIDgjlIPCf82kx3Ym989EXhELuhIqZv_9K5i4-tUeEM, https://lh3.googleusercontent.com/geougc-cs/AMBA38tMqwQnqXUfshQecN2ftDFB2FTObXFUPvk5Dscw76_VrChySxUxtynsmFBYUX1RYAV36jDLkKMvr-cVAbnIKl0Op9iXKJGXU5Vnn86Zg31glL0TZJ6qwUJFsPBOw4XDsY6-aWWXg-JLTyn2",https://lh3.googleusercontent.com/geougc-cs/AMBA38vw4-HK1E305pGfmqyqlM0UH18-WHBfWw1NwlQY0_4k0PX14KZjAYVVnxI3AkI_bI4O2nPA4BJWHlPaGH6pfH-NWZWpxLKtyIXn8Lo0TRGF-8u6GQzthKP_luKXjSivjtlPIoT4gPrtU9h7,"CIABIhCJ3_OAyuHoQJefDR3PKEFo, CIABIhCoKpSKzTvZNRAL2qMMVNBO, CIABIhAgiWZdIUJT3wmqNoOyzhZt, CIABIhBX-1B0C-1cEL8Vx238uZim, CIABIhCHpaGfWT9ckYMwHXHmYNc5, CIABIhARqVX6Yfixwt43ExDSWiB-, CIABIhBcVan92XlGTQYvyfqyVqZ2",,,,https://www.google.com/maps/reviews/data=!4m8!14m7!1m6!2m5!1sCi9DQUlRQUNvZENodHljRjlvT21aWVN6aHRjR1ZHZW5RNE5WSTJaMnhITTJ4RGFIYxAB!2m1!1s0x0:0x781b08321893569!3m1!1s2@1:CAIQACodChtycF9oOmZYSzhtcGVGenQ4NVI2Z2xHM2xDaHc%7C0d0_GMeD5bD%7C?hl=en,5,1762022487,11/01/2025 18:41:27,,540907507511014761,Lunch,$20–30,5,5,5,,,,,,,,,,,,
ChIJbVusaw5xhlQRaTWJIYOwgQc,KINTON RAMEN ROBSON,0x5486710e6bac5b6d:0x781b08321893569,ChIJbVusaw5xhlQRaTWJIYOwgQc,"https://www.google.com/maps/place/KINTON+RAMEN+ROBSON/@49.2795383,-123.1172879,14z/data=!4m8!1m2!2m1!1sKINTON+RAMEN+ROBSON!3m4!1s0x5486710e6bac5b6d:0x781b08321893569!8m2!3d49.2795383!4d-123.1172879",https://search.google.com/local/reviews?placeid=ChIJbVusaw5xhlQRaTWJIYOwgQc&q=*&authuser=0&hl=en&gl=CA,,1834,4.7,Ci9DQUlRQUNvZENodHljRjlvT2xkclpsaEpSazVJTjJzMmJtVm5SMDVIT1ZFdGJrRRAB,CAESY0NBRVFEaHBFUTJwRlNVRlNTWEJEWjI5QlVEY3lSMWhqVERZdE1WOWZSV2hDZWt4a2EyRkZVM1ZwTVhBMFdXbHJhMEZCUVVGQlIyZHVPVFp4V1VOYVpIZDJjamRWV1VGRFNVRQ==,https://www.google.com/maps/contrib/117254551763313751792?hl=en,Kien Ta,117254551763313751792,https://lh3.googleusercontent.com/a-/ALV-UjXX9RtmfrUuRliahwU7UZUtj_zn2YkuqvSyZFIHsGm2CLLok9tRfw=s120-c-rp-mo-ba6-br100,151,417,,"https://lh3.googleusercontent.com/geougc-cs/AMBA38sazS5jweBV7d8C1A4wCq6DOpRyiGOlbA7S1RLLjV69zQx-oZgucbwCVqD7d0JuEMUDJ8Wd9sHiw6DDnnXcc9wV9R3eR9I7ijbzWVOTS1LD9pmegpINcfkmvn6Uql0zYrlBKya2UJKnfHAH, https://lh3.googleusercontent.com/geougc-cs/AMBA38uOhJtaTS0jlYPiHEmBG-o3JYoI3lULEGKgukwWP9T9X2QRsylHN0F51JkI12KRTnAD6XR61f1eQKttce8z6kd-sYRalzmloy5_56RlISF_cxjxgi1mdu76GUH3_JbwfmnFtK-DM6_NCj3o",https://lh3.googleusercontent.com/geougc-cs/AMBA38sazS5jweBV7d8C1A4wCq6DOpRyiGOlbA7S1RLLjV69zQx-oZgucbwCVqD7d0JuEMUDJ8Wd9sHiw6DDnnXcc9wV9R3eR9I7ijbzWVOTS1LD9pmegpINcfkmvn6Uql0zYrlBKya2UJKnfHAH,"CIABIhBCT_6YMT5oRNVgx_d-BBpi, CIABIhD8yrHYrEjSyG7ki7u2mKjR","Hi Kien, thank you for your rating! We hope to see you back soon.",1761542644,10/27/2025 05:24:04,https://www.google.com/maps/reviews/data=!4m8!14m7!1m6!2m5!1sCi9DQUlRQUNvZENodHljRjlvT2xkclpsaEpSazVJTjJzMmJtVm5SMDVIT1ZFdGJrRRAB!2m1!1s0x0:0x781b08321893569!3m1!1s2@1:CAIQACodChtycF9oOldrZlhJRk5IN2s2bmVnR05HOVEtbkE%7C0cziq_tMWeG%7C?hl=en,5,1761537445,10/27/2025 03:57:25,,540907507511014761,Dinner,$10–20,5,5,5,,,,,,,,,,,,
ChIJbVusaw5xhlQRaTWJIYOwgQc,KINTON RAMEN ROBSON,0x5486710e6bac5b6d:0x781b08321893569,ChIJbVusaw5xhlQRaTWJIYOwgQc,"https://www.google.com/maps/place/KINTON+RAMEN+ROBSON/@49.2795383,-123.1172879,14z/data=!4m8!1m2!2m1!1sKINTON+RAMEN+ROBSON!3m4!1s0x5486710e6bac5b6d:0x781b08321893569!8m2!3d49.2795383!4d-123.1172879",https://search.google.com/local/reviews?placeid=ChIJbVusaw5xhlQRaTWJIYOwgQc&q=*&authuser=0&hl=en&gl=CA,,1834,4.7,Ci9DQUlRQUNvZENodHljRjlvT2pOT05WOUdSVWRMVGpOU1JUTlhNV3cyWW1kT1ZIYxAB,CAESY0NBRVFEeHBFUTJwRlNVRlNTWEJEWjI5QlVEY3lSMWhqYlZoTldGOWZSV2hEVWxCZlZVUkxjMkV0T0RsNWFVdElZMEZCUVVGQlIyZHVPUzF6ZDBOYVpIbGFZM2hqV1VGRFNVRQ==,https://www.google.com/maps/contrib/116366081041595463463?hl=en,Thomas Freidel,116366081041595463463,https://lh3.googleusercontent.com/a/ACg8ocJlBJiMebyChFOUkCa1dkk0ngeU25JTBaiSWEq7i1GwBJbA6Q=s120-c-rp-mo-ba2-br100,25,3,,,,,"Hello Thomas, I'm sorry that you were disappointed with your experience. If you could let us know how we could improve, we would appreciate the opportunity to make it right. Please message us at customercare@kinkafamily.com. Thank you.",1761538959,10/27/2025 04:22:39,https://www.google.com/maps/reviews/data=!4m8!14m7!1m6!2m5!1sCi9DQUlRQUNvZENodHljRjlvT2pOT05WOUdSVWRMVGpOU1JUTlhNV3cyWW1kT1ZIYxAB!2m1!1s0x0:0x781b08321893569!3m1!1s2@1:CAIQACodChtycF9oOjNONV9GRUdLTjNSRTNXMWw2YmdOVHc%7C0czh9HbbWMT%7C?hl=en,1,1761530514,10/27/2025 02:01:54,,540907507511014761,,,,1,,,,,,,,,,,,,
ChIJbVusaw5xhlQRaTWJIYOwgQc,KINTON RAMEN ROBSON,0x5486710e6bac5b6d:0x781b08321893569,ChIJbVusaw5xhlQRaTWJIYOwgQc,"https://www.google.com/maps/place/KINTON+RAMEN+ROBSON/@49.2795383,-123.1172879,14z/data=!4m8!1m2!2m1!1sKINTON+RAMEN+ROBSON!3m4!1s0x5486710e6bac5b6d:0x781b08321893569!8m2!3d49.2795383!4d-123.1172879",https://search.google.com/local/reviews?placeid=ChIJbVusaw5xhlQRaTWJIYOwgQc&q=*&authuser=0&hl=en&gl=CA,,1834,4.7,Ci9DQUlRQUNvZENodHljRjlvT2xkT0xURlZWSEZCVjNCNmMzcDBWM0EyTFc1a2NIYxAB,CAESY0NBRVFFQnBFUTJwRlNVRlNTWEJEWjI5QlVEY3lSMWhyVFVodFVsOWZSV2hCYlZNeGVuQlliMUpNTFVNNGVEVnFPRUZCUVVGQlIyZHVPVEpyVVVOYVpWRjNaVnBGV1VGRFNVRQ==,https://www.google.com/maps/contrib/115070115393362965174?hl=en,Nicolás Feliciano,115070115393362965174,https://lh3.googleusercontent.com/a/ACg8ocJlJ3KCRvj2fH4IDNtYAmAtI-FQy4Kl_VHwZGAQBsZnI4kGoQ=s120-c-rp-mo-ba3-br100,41,0,"Nothing to complain! Food was good, service and atmosphere were great.",,,,,,,https://www.google.com/maps/reviews/data=!4m8!14m7!1m6!2m5!1sCi9DQUlRQUNvZENodHljRjlvT2xkT0xURlZWSEZCVjNCNmMzcDBWM0EyTFc1a2NIYxAB!2m1!1s0x0:0x781b08321893569!3m1!1s2@1:CAIQACodChtycF9oOldOLTFVVHFBV3B6c3p0V3A2LW5kcHc%7C0czD3cWIBxm%7C?hl=en,5,1761403176,10/25/2025 14:39:36,,540907507511014761,Dinner,$20–30,5,5,5,,Moderate noise,,,,,,,,,,
ChIJbVusaw5xhlQRaTWJIYOwgQc,KINTON RAMEN ROBSON,0x5486710e6bac5b6d:0x781b08321893569,ChIJbVusaw5xhlQRaTWJIYOwgQc,"https://www.google.com/maps/place/KINTON+RAMEN+ROBSON/@49.2795383,-123.1172879,14z/data=!4m8!1m2!2m1!1sKINTON+RAMEN+ROBSON!3m4!1s0x5486710e6bac5b6d:0x781b08321893569!8m2!3d49.2795383!4d-123.1172879",https://search.google.com/local/reviews?placeid=ChIJbVusaw5xhlQRaTWJIYOwgQc&q=*&authuser=0&hl=en&gl=CA,,1834,4.7,Ci9DQUlRQUNvZENodHljRjlvT2xsWGNITXpOMU5ITUZkWlRqUlRWRmRZTmpoWFNIYxAB,CAESY0NBRVFFUnBFUTJwRlNVRlNTWEJEWjI5QlVEY3lSMWh2TFU1ak5WOWZSV2hFUTFsWVoyWmxORWx3VjNCNWVERjBWVUZCUVVGQlIyZHVPVEpZYTBOYVpXbzBNWHByV1VGRFNVRQ==,https://www.google.com/maps/contrib/103139244446018744845?hl=en,Lerby Ergun,103139244446018744845,https://lh3.googleusercontent.com/a/ACg8ocKNThMNkIswsi6tmJgnvgLxTGpJSSZAGnAji6tyv6UEBLxgzw=s120-c-rp-mo-ba3-br100,68,8,Had the beef ramen. Good chain. Happy to try other places in the neighborhood also happy to drop in again.,,,,,,,https://www.google.com/maps/reviews/data=!4m8!14m7!1m6!2m5!1sCi9DQUlRQUNvZENodHljRjlvT2xsWGNITXpOMU5ITUZkWlRqUlRWRmRZTmpoWFNIYxAB!2m1!1s0x0:0x781b08321893569!3m1!1s2@1:CAIQACodChtycF9oOllXcHMzN1NHMFdZTjRTVFdYNjhXSHc%7C0cyuTsTu11P%7C?hl=en,5,1761322936,10/24/2025 16:22:16,,540907507511014761,Lunch,$20–30,5,4,5,Not sure,,,,,,,,,,,
ChIJbVusaw5xhlQRaTWJIYOwgQc,KINTON RAMEN ROBSON,0x5486710e6bac5b6d:0x781b08321893569,ChIJbVusaw5xhlQRaTWJIYOwgQc,"https://www.google.com/maps/place/KINTON+RAMEN+ROBSON/@49.2795383,-123.1172879,14z/data=!4m8!1m2!2m1!1sKINTON+RAMEN+ROBSON!3m4!1s0x5486710e6bac5b6d:0x781b08321893569!8m2!3d49.2795383!4d-123.1172879",https://search.google.com/local/reviews?placeid=ChIJbVusaw5xhlQRaTWJIYOwgQc&q=*&authuser=0&hl=en&gl=CA,,1834,4.7,Ci9DQUlRQUNvZENodHljRjlvT2t0S1ZucG9NME5UUm1sa2FreDBNM1JKVjNOaVRuYxAB,CAESY0NBRVFFaHBFUTJwRlNVRlNTWEJEWjI5QlVEY3lSMWgzZFhwdVoxOWZSV2hEWjBablUwVkdOa3gxVGt0d1NWWjNTVUZCUVVGQlIyZHVPVEpRVFVOYVprTTNUMlZCV1VGRFNVRQ==,https://www.google.com/maps/contrib/101740050365388585886?hl=en,Daniel Li,101740050365388585886,https://lh3.googleusercontent.com/a-/ALV-UjUAxFTfz_ZYgM60gsStYArKOb4YgmHuHArMEsVm-TJD2WcKuo33=s120-c-rp-mo-ba4-br100,82,1,"It was freezing today — the kind of weather that makes you feel ramen was invented just for this moment. So I finally went to try this shop that’s been around for about a year.

I saw they had a combo with my all-time favorite, Coke. Didn’t even look at the price — just went “yes please.” Big mistake. The Coke came in a cup, not a can, not a fancy glass bottle — just… a cup. But hey, it still tasted like Coke, so fine.

Then came the gyoza — fried but somehow not oily. Crispy, tasty, and honestly the best kind of surprise. You can even pick pork or veggie filling. There was some mysterious sauce drizzled on top — looked suspicious, tasted like nothing, and I still have no clue what it was. But whatever, the gyoza was great, mystery sauce forgiven.

For ramen, I went thick noodles (because who eats thin noodles on a cold day?) and picked the spicy garlic flavor. Man, that was good. The broth was rich, the noodles chewy, and the char siu had that perfect fire-kissed smell — not too burnt, just enough to make you feel like you’re at a BBQ in ramen form.

Everything was amazing… until the bill came. Add 15% tip, and boom — over thirty bucks. For lunch.  That’s a bit steep for a regular weekday lunch.","https://lh3.googleusercontent.com/geougc-cs/AMBA38vrTIKk8j_rZrhVoiarI-6QB8e5gd1VsdgzOdto7039yaqyC09-DooCXR5fkygYY2xivCqmP5EExAmH_w8GE20VMCAUl8xUkONgH9uSna7VlPkxzaVREODxbm7YYZ4oslP5Ff6Dnk5tnYia, https://lh3.googleusercontent.com/geougc-cs/AMBA38skQxTuWuLm_dnc7LEV-cHBDeg7l3AfPco0SahSxaODRSDxDtCAVKYt_1R9Fm8uoC0UI3lvcFQili3bCLK6f1H5bAcZNoqgp31VauraKUMXVWXIwi9nD80LjCWlNJNOurcNt7enhylJ_5lp, https://lh3.googleusercontent.com/geougc-cs/AMBA38s2y8n3n46IR_ndp876LFuAathlPLo4GFVRFrJLqehfa73mpek8QmhetO1PGpNkHuxpCGLHW12Kzs0a4gayXQXQ1p4vB-hoYrjheOE54HGPicpxKFVouhwcNXv4vWvQFF04UppNVsIYwE6j, https://lh3.googleusercontent.com/geougc-cs/AMBA38sea-s93nqwGzzLJZumUwQnUJ-jfjd6_Bg9sm1-WiSHP1Rfb6Ev_IUqJKRK8L8-JcJ_SSLBJ91F_--uidsIkOX59THZjEltCBJct7T2GN3V6mJdb-U2YoatZaCEAaZY7zHzgkAIoPpEOHAc, https://lh3.googleusercontent.com/geougc-cs/AMBA38tx4BeCns-Php7KnfysfniaViC1Im1RTJqmhnnmOQadkOZrM3DH6XtW_8vMqZHNe8hTmMqW6ZNFeX3Z3iyyPtwNyS5sSEOVOSG_--xgM1-VoGtZPd9cZ51RyY_ZCYllsgLhKyPSldj3XNQ, https://lh3.googleusercontent.com/geougc-cs/AMBA38uv9DLNDSRUcG2eYDXo-HM1Z-PU7W3JmGClkutZehFQvwYZVyEa1ew0jpVLSAE29528xVNRER3yeV_Bse79ZJSsayAxvdRyfdG9iOPGY6NWQe5mhtq0CDZXOiHpGrrloNysBOfPnsEmItA",https://lh3.googleusercontent.com/geougc-cs/AMBA38vrTIKk8j_rZrhVoiarI-6QB8e5gd1VsdgzOdto7039yaqyC09-DooCXR5fkygYY2xivCqmP5EExAmH_w8GE20VMCAUl8xUkONgH9uSna7VlPkxzaVREODxbm7YYZ4oslP5Ff6Dnk5tnYia,"CIABIhAVkEHNHQ1UATwBARDlyeBX, CIABIhDZdCD-CSsy9i-aM95JfdO1, CIABIhBsXQ80PHS3ie9Ux3FhUN_r, CIABIhC7LLWp2Jo3cK3VWG3fOgq1, CIABIhDWUpB7VaUfTWG3_GJeeIy1, CIABIhDn9P5p4MNWhYbEw9eBsb-O",,,,https://www.google.com/maps/reviews/data=!4m8!14m7!1m6!2m5!1sCi9DQUlRQUNvZENodHljRjlvT2t0S1ZucG9NME5UUm1sa2FreDBNM1JKVjNOaVRuYxAB!2m1!1s0x0:0x781b08321893569!3m1!1s2@1:CAIQACodChtycF9oOktKVnpoM0NTRmlkakx0M3RJV3NiTnc%7C0cyPgohiylb%7C?hl=en,5,1761192756,10/23/2025 04:12:36,,540907507511014761,Lunch,$20–30,5,5,5,,,,,,Vegetarian options,,No wait,,,,
ChIJbVusaw5xhlQRaTWJIYOwgQc,KINTON RAMEN ROBSON,0x5486710e6bac5b6d:0x781b08321893569,ChIJbVusaw5xhlQRaTWJIYOwgQc,"https://www.google.com/maps/place/KINTON+RAMEN+ROBSON/@49.2795383,-123.1172879,14z/data=!4m8!1m2!2m1!1sKINTON+RAMEN+ROBSON!3m4!1s0x5486710e6bac5b6d:0x781b08321893569!8m2!3d49.2795383!4d-123.1172879",https://search.google.com/local/reviews?placeid=ChIJbVusaw5xhlQRaTWJIYOwgQc&q=*&authuser=0&hl=en&gl=CA,,1834,4.7,Ci9DQUlRQUNvZENodHljRjlvT25aSFdHWXRNVXBXUlRGME5rSkpSemt4VlZkRFdGRRAB,CAESY0NBRVFFeHBFUTJwRlNVRlNTWEJEWjI5QlVEY3lSMWg2VUMwMlMxOWZSV2hETm13emNWWlhUemhpV1hjNVJIWlpTVUZCUVVGQlIyZHVPVEpsUlVOYVprMWZOMjl2V1VGRFNVRQ==,https://www.google.com/maps/contrib/102769635891233525653?hl=en,Francesca Rodino,102769635891233525653,https://lh3.googleusercontent.com/a/ACg8ocIBSJq73km2x9mvtBCHHyTujmDwnDu2yCS1VWajf-7HbCTGCw=s120-c-rp-mo-ba3-br100,41,7,Awesome! Absolutely recommended 😋,https://lh3.googleusercontent.com/geougc-cs/AMBA38vYhnHzRXMtv3ch5ykVlwIBcpUVIsv2t6cgcx327ojCbE61VIEEQFZhAVnHnqS04pnzit0JEHB6na7y38Lz72a_qJXFzlqLBJMKD45cv8LYLEkMTgNq53D5PzYEUIQIMujwayYTP5eXZzGI,https://lh3.googleusercontent.com/geougc-cs/AMBA38vYhnHzRXMtv3ch5ykVlwIBcpUVIsv2t6cgcx327ojCbE61VIEEQFZhAVnHnqS04pnzit0JEHB6na7y38Lz72a_qJXFzlqLBJMKD45cv8LYLEkMTgNq53D5PzYEUIQIMujwayYTP5eXZzGI,CIABIhC3SabbeY3TkHDDKa8ch1Iz,,,,https://www.google.com/maps/reviews/data=!4m8!14m7!1m6!2m5!1sCi9DQUlRQUNvZENodHljRjlvT25aSFdHWXRNVXBXUlRGME5rSkpSemt4VlZkRFdGRRAB!2m1!1s0x0:0x781b08321893569!3m1!1s2@1:CAIQACodChtycF9oOnZHWGYtMUpWRTF0NkJJRzkxVVdDWFE%7C0cyFNdIqLPA%7C?hl=en,5,1761150505,10/22/2025 16:28:25,,540907507511014761,Lunch,$10–20,5,5,5,,,,,,,,No wait,,,,
ChIJbVusaw5xhlQRaTWJIYOwgQc,KINTON RAMEN ROBSON,0x5486710e6bac5b6d:0x781b08321893569,ChIJbVusaw5xhlQRaTWJIYOwgQc,"https://www.google.com/maps/place/KINTON+RAMEN+ROBSON/@49.2795383,-123.1172879,14z/data=!4m8!1m2!2m1!1sKINTON+RAMEN+ROBSON!3m4!1s0x5486710e6bac5b6d:0x781b08321893569!8m2!3d49.2795383!4d-123.1172879",https://search.google.com/local/reviews?placeid=ChIJbVusaw5xhlQRaTWJIYOwgQc&q=*&authuser=0&hl=en&gl=CA,,1834,4.7,Ci9DQUlRQUNvZENodHljRjlvT210cE5FWnpRMU42V1ZaQlJWTk5NMFpVVTBWaFFYYxAB,CAESY0NBRVFGQnBFUTJwRlNVRlNTWEJEWjI5QlVEY3lSMWhmYWtZdFFsOWZSV2hDYW1wT1V6Vk5PVVl0Y1ZoQk1uUnBXVUZCUVVGQlIyZHVPVFIxVFVOYVppMU5XRFJGV1VGRFNVRQ==,https://www.google.com/maps/contrib/112838971210182756527?hl=en,John Cheeks,112838971210182756527,https://lh3.googleusercontent.com/a/ACg8ocIzC98fY51pH0XpgyzavJqv7-VpPdH8DEELnX49z6qIGuJglw=s120-c-rp-mo-ba5-br100,837,2,＼(￣０￣)／ fattest noodle 🍜,,,,"Hi John! Haha, we’re all about those thick, delicious noodles! Thanks for the shoutout — can’t wait to serve you another bowl soon! 🍜😄",1761227470,10/23/2025 13:51:10,https://www.google.com/maps/reviews/data=!4m8!14m7!1m6!2m5!1sCi9DQUlRQUNvZENodHljRjlvT210cE5FWnpRMU42V1ZaQlJWTk5NMFpVVTBWaFFYYxAB!2m1!1s0x0:0x781b08321893569!3m1!1s2@1:CAIQACodChtycF9oOmtpNEZzQ1N6WVZBRVNNM0ZUU0VhQXc%7C0cxT-d4ADKQ%7C?hl=en,4,1760944169,10/20/2025 07:09:29,,540907507511014761,,,,,,,,,,,,,,,,,
ChIJbVusaw5xhlQRaTWJIYOwgQc,KINTON RAMEN ROBSON,0x5486710e6bac5b6d:0x781b08321893569,ChIJbVusaw5xhlQRaTWJIYOwgQc,"https://www.google.com/maps/place/KINTON+RAMEN+ROBSON/@49.2795383,-123.1172879,14z/data=!4m8!1m2!2m1!1sKINTON+RAMEN+ROBSON!3m4!1s0x5486710e6bac5b6d:0x781b08321893569!8m2!3d49.2795383!4d-123.1172879",https://search.google.com/local/reviews?placeid=ChIJbVusaw5xhlQRaTWJIYOwgQc&q=*&authuser=0&hl=en&gl=CA,,1834,4.7,Ci9DQUlRQUNvZENodHljRjlvT2w5U1NEaGtaWE5LZGtWVk1saFZaM1U1T0hOSU1YYxAB,CAESY0NBRVFGUnBFUTJwRlNVRlNTWEJEWjI5QlVEY3lSMWxoU1Y5TkxWOWZSV2hEUVZvNFduTnphV1ZzYmsxdU9FaG1WVUZCUVVGQlIyZHVPVEpSWTBOYWFHOXFPSG8wV1VGRFNVRQ==,https://www.google.com/maps/contrib/113243520983299504619?hl=en,Zwibie,113243520983299504619,https://lh3.googleusercontent.com/a-/ALV-UjVWid5nBl1nTNIsjYTeMN7zaCDfkm33Zqdryns0X4ZR2XCuz6Q=s120-c-rp-mo-ba5-br100,211,20,"Great service!! The beef miso was not 100% my taste, but my friends really liked their food.","https://lh3.googleusercontent.com/geougc-cs/AMBA38vL4pRfidDoDqMkvLIhl8T-A8AG3uf4n1pavHoyduRO_Lahy7qFB5A5eMn3yDpO8iBkRYACeaMcL6lSJ0zHFLg-mGSPE-N7W3n6FlY9b-0AeZG3CNSH1gwLHImmExk-Qlc2zbGBG9rDvv-D, https://lh3.googleusercontent.com/geougc-cs/AMBA38swUuRIHqoxthi1Y1I8OFjRkJHnVRvWswO22KJnXjMsih5upi5oSTB7VUp56XPbemGpXRoWwpB0OQZflT5SaTLSrKFgRLLfM5WNw-5mrVRQK8P51fyugtR5Bbu7COYDzn6tK3xsUn-rznzE",https://lh3.googleusercontent.com/geougc-cs/AMBA38vL4pRfidDoDqMkvLIhl8T-A8AG3uf4n1pavHoyduRO_Lahy7qFB5A5eMn3yDpO8iBkRYACeaMcL6lSJ0zHFLg-mGSPE-N7W3n6FlY9b-0AeZG3CNSH1gwLHImmExk-Qlc2zbGBG9rDvv-D,"CIABIhAFTtFlLPC_uzwJCdPlaG7f, CIABIhCds54qyzWD3S99vwh6H4DD","Thank you for your kind words about our service, Zwibie! We’re glad your friends enjoyed their meals, and we appreciate your honest feedback about the beef miso. We hope you’ll find something more to your taste on your next visit — there are plenty of delicious options to explore! Looking forward to welcoming you back soon.",1761142593,10/22/2025 14:16:33,https://www.google.com/maps/reviews/data=!4m8!14m7!1m6!2m5!1sCi9DQUlRQUNvZENodHljRjlvT2w5U1NEaGtaWE5LZGtWVk1saFZaM1U1T0hOSU1YYxAB!2m1!1s0x0:0x781b08321893569!3m1!1s2@1:CAIQACodChtycF9oOl9SSDhkZXNKdkVVMlhVZ3U5OHNIMXc%7C0cvl4feX1Xj%7C?hl=en,4,1760498027,10/15/2025 03:13:47,,540907507511014761,Lunch,$10–20,4,5,4,,,Somewhat difficult to find parking,Paid street parking,,"Vegetarian options, Parking, Kid-friendliness, Wheelchair accessibility",5-8 people,Up to 10 min,,,,
ChIJbVusaw5xhlQRaTWJIYOwgQc,KINTON RAMEN ROBSON,0x5486710e6bac5b6d:0x781b08321893569,ChIJbVusaw5xhlQRaTWJIYOwgQc,"https://www.google.com/maps/place/KINTON+RAMEN+ROBSON/@49.2795383,-123.1172879,14z/data=!4m8!1m2!2m1!1sKINTON+RAMEN+ROBSON!3m4!1s0x5486710e6bac5b6d:0x781b08321893569!8m2!3d49.2795383!4d-123.1172879",https://search.google.com/local/reviews?placeid=ChIJbVusaw5xhlQRaTWJIYOwgQc&q=*&authuser=0&hl=en&gl=CA,,1834,4.7,Ci9DQUlRQUNvZENodHljRjlvT2twd1JIUm9RMVYxUjBselZFdHFWVEZTV0hWeVdXYxAB,CAESY0NBRVFGaHBFUTJwRlNVRlNTWEJEWjI5QlVEY3lSMWxsTjJKd1JGOWZSV2hCVkdOb2FUVTBiakJJZVdsNFExcHhWVUZCUVVGQlIyZHVPVEpRUVVOYWFEZDBkV3ROV1VGRFNVRQ==,https://www.google.com/maps/contrib/109992468158827858128?hl=en,JJ,109992468158827858128,https://lh3.googleusercontent.com/a-/ALV-UjWv0snBpgvBPf2qz4qfFT4OylgeUYJtPPar7PLTM4oqEyOHGx25-A=s120-c-rp-mo-ba7-br100,455,33,"We came to this restaurant after attending a hockey game, as it’s conveniently located nearby. The location is great, and overall, the food was quite good. We decided to order the combo meal, which turned out to be a good value for the price. In addition to that, we also ordered the spicy garlic pork dish. However, we were disappointed to find that it did not come with the egg and seaweed as shown in the photo on the menu. The image was quite misleading and gave us the wrong impression of what to expect.

When we brought this up with the female server, she was very dismissive and rude. She didn't take the time to explain the issue or provide any clarification. We also asked a male staff member about the star symbol that appeared next to the item on the menu, hoping for some insight. Unfortunately, he had no idea what it meant and wasn’t able to offer any explanation either.

While we did enjoy the food itself, the service was extremely disappointing. The staff, especially the lady who served us, were unhelpful and lacked basic customer service skills. Because of the poor service experience, we’ve decided that we will not be returning to this location in the future.","https://lh3.googleusercontent.com/geougc-cs/AMBA38sc-fZBVgp8R_kj1K4Zx1Ugyo-9fESRqxiouqlVVkBEfISmBicIh0cczsuPnjM-lfcY3R6MlAHXSbzV-_nARMyM6lMY2ZjFKSyc1cuLkjgaOmcBtobkRcC-X4j1rmyjs7_HK_MC3MGr18vd, https://lh3.googleusercontent.com/geougc-cs/AMBA38uw-1OlI1nP6aLRgUYDb3X2VRBfHVigzkkp7r29hokV1N3nG15R0TAcplEg3ewoIwC6of_tOYOhyeKhGIyWGpd_Yi098q3TFD6HKPBQFP6dtcqC5eNejIVF4IdrdpwphU4EijRVmMswHI2Q, https://lh3.googleusercontent.com/geougc-cs/AMBA38vmwQ1IDZSUMIp-AcLPGc_lUm4JAKHsvA6v448KunVlNp-XAeDD1jooBnZ5NtcnMU_iP_4doGMO-fd4q2FDpaS-m2jADRO6BM6uOF6Jf1_5hDdXcW3uFJnPxmO6OdnsyvwdXd0JWPdmd-7m, https://lh3.googleusercontent.com/geougc-cs/AMBA38tbq6Hb_m8mcWMQQ4UBVgx1Ltehp7nmm6vFcs9fsDqz1ZUPdGfvveHbVg-XfmBzjqtucxamCoNTPqhKTbbow_Tl5pM-2f1v8lkXWZnVNWS7EB7DutGVR-SPyh1DcY4HhHqsfGQk12w8Tzmj, https://lh3.googleusercontent.com/geougc-cs/AMBA38s-1xbUIvYFra4Wegj-mckodnSt4EoDKgjJRN7r2rX-Kh-mWmtOgLI0F6jlVRWk9F4AErClBW6L8NSDBwOwfoLvqH5wzJ0lNcs6G2D2nfj69ImkZZzNBGNUlahxFFsJaxlPJVLmP-OcKNo, https://lh3.googleusercontent.com/geougc-cs/AMBA38vBcSEd6_auAi9siknc4ehpuz0JWwDA2mNGAlJ0k6_siRcC_Pm6AaALBi241OiCmzZ-eM1VUVANPrrf6CqJI9Avylk46FxwsEixiVBSBdXzZnneBHYAWnWLH1EshCWGZAE5bbjMKmvAMqU, https://lh3.googleusercontent.com/geougc-cs/AMBA38sGHBqZC9CSylais91hDcPTmKVIWEbDb0rYafhuZfwafAz--Ftqspgtpl7LsNZfHg4P_vroKWgZujovPOhxB95lGaM8okLAm4oJ7na7fF0pjndMFCDgyVp2Mu2vl7Nfz-PJTy9AogXGYt3y, https://lh3.googleusercontent.com/geougc-cs/AMBA38vbgEsh_2CZw6j32vfMb2LAiU7CeYK6JThh3hnqxLvkPorDhemoXiGDBhw3LRWIInkx4374Bi7mdrjofWz07IelQgLWf5kHXfeSbUB-P8b7nGXyp5-81rnEmll8eVPvIlyDEsuMCiQJnsg, https://lh3.googleusercontent.com/geougc-cs/AMBA38sACynXFPXK6USAOn5xOczW9Kjmrum3xWhhYUoTc8F8d6eGbhvwSeZcwvSa2-h_hfQMl6MBrOSvmLwxD8w1LN5WpXf9lCu0aVIevWqavilOA0l6FeFV6tt0mp5j20EYEnHdu_jfWkXCiI7p, https://lh3.googleusercontent.com/geougc-cs/AMBA38sQs87LzjnJ3GGrwktcEoc6ejC03q7fk48QtEwxIZzZXPFPJ4bPSVweUcj0izGtqJ-OqQ9N-5YyPh8G6J2YXed2fQMxdpiiwmZjX-7qBNBIn8toCC9afyJ0x8Cls8KpPUwsIvkT_dbSWVTN, https://lh3.googleusercontent.com/geougc-cs/AMBA38sioeDnIBJCIHYQNG4YUlcTlK-GticTEyOwcObIGvEupHjYsyKK8Nw7aHI5xHtkTN-bpk8I4vMeAqS8yChcIu9SBVqv18WcjMwRnkRRPLm8d2zocrHhvrgefA1p8loE13ORSIMOZt__ExA9, https://lh3.googleusercontent.com/geougc-cs/AMBA38vL2fTFWbPlv6rC9yj1AwsFGjWGfMiwjbMWndLL1Zfyy0TqUbfg8rT1omswP12vFYK3FMpisjF9vToBZ5MVW8q7u8YwFD-UBF6HnEKXY_vTgUpaii71uzf-NVX31N16Q8Ne7ToUyQgrSBc, https://lh3.googleusercontent.com/geougc-cs/AMBA38v_mkmV4wvItkJNfEee2MeTz_6LNp6dZadTA-9MrxNJ8an67lltYLBAQi3RTWmO4EIspvEjiqh6qkg1nSUD-9IFMfJoRo7nhpoI7XFTVCzyOrgxRSZV9ZiVbItB_0DRpzeScceZl2oFf2VP, https://lh3.googleusercontent.com/geougc-cs/AMBA38s_ohfZz1gVi2A2nnPbi_dIipfhJzi0ony7PnsstNud_qFN1zcF7kgWRWJzxz4sLAazFceHYUOYXGgfI_qBQqb-rK06dyfl_pKHzTTZtr7DPNkOhbCcB_F3BzqC3rNH8B46iq6n1DiyBhux, https://lh3.googleusercontent.com/geougc-cs/AMBA38vvH-l5prFbS7Opx5eq2xBbH6mmjaaV9BOKv89sh_gjnbcuLQiT8ESqMejE31u9D8nJKCuwYsIf5E8flzC-qFtsp9y7UX0bSLG5Hkl_L2zOV9jL6R6wAno3kvIB-KAJy_9NMCrOuAkBO6Y, https://lh3.googleusercontent.com/geougc-cs/AMBA38vjTfSyLknIHnB6SmA5MOjYPuP5i6of1gdSw0jJ1SON64jTF5-hKvsVsrLscJaB961uQpl_uvNfbEaj9UL4qocfmRVMdQBNCKV8423FS5GTxEOqZVP-lvoUsLMU3k4vheRLVKG8NBdF58o, https://lh3.googleusercontent.com/geougc-cs/AMBA38vemjBTrvPOMiPRDNLSbORPuKpqdmVqYthHoA_9pSqjXw6BPZSXR7WoV-TtiCQKUPQzMogSlPZ9i_AbDYQV-NNLXvNMkqWbesesQ6VSoNqdTa4DAY3ybxeysMjXAXMLoQjgj-9kXSo1m0Q, https://lh3.googleusercontent.com/geougc-cs/AMBA38uYrZYQNqRIyQhK1gfHprFIEz86YfFqEpelSdKFtKn9lqV1DXiUN-d1EPUXpyj2QqSxjSkMmBQ5MH0smBraDFfH_o1z7qurna1TtY8AD6cuIo_4tJv4eEn2Flrc_vAt5ynkovSCE7_RxMWH",https://lh3.googleusercontent.com/geougc-cs/AMBA38sc-fZBVgp8R_kj1K4Zx1Ugyo-9fESRqxiouqlVVkBEfISmBicIh0cczsuPnjM-lfcY3R6MlAHXSbzV-_nARMyM6lMY2ZjFKSyc1cuLkjgaOmcBtobkRcC-X4j1rmyjs7_HK_MC3MGr18vd,"CIABIhCf6VOkFTiSzN1rGD0RDQph, CIABIhCrTEuINGxXdrq58I9ORRhM, CIABIhB2fh8F2clQc-iIl7bKAtqO, CIABIhCVimUgy-Llu5yIeYKLg6OX, CIABIhBhsyumGXW5HuhbInyPeMfQ, CIABIhCCi164DjZJWazt69JvyM-g, CIABIhAoGGCKwrb2AqhrHY_-qFAZ, CIABIhBe99gzb5aLor7d04ASnK-h, CIABIhCGEy0lyG1gKwhVf_tAjuQ0, CIABIhBVmEUvJ_8hPAfKE8C8HwnV, CIABIhCzh7UmhA4Mfj9ZPMn2PU5S, CIABIhDRzi1qCr0mrONBHeoaTbbo, CIABIhAdqcErKMpxW06VdGV7zUbZ, CIABIhD0AJE9qtAey8Y3bpg50_rM, CIABIhDSQ1s9GLvobTS1CLRlCqIE, CIABIhBZ-1-49-ieXKv9ZSAKdRnN, CIABIhAGQO0QV4NzJqS1CoMdpBek, CIABIhB0LMTlPHWKZdmu4_DXlihy","Thank you for taking the time to share your experience with us. We’re glad to hear you enjoyed the food and found the combo meal a good value, but we’re truly sorry that the service and communication fell short during your visit.

The star symbol on our menu highlights Kinton’s best-selling items. We’re sorry if that wasn’t clearly explained and if the menu image caused any confusion. The egg and seaweed are listed in the dish description when included, but we understand how that could have been misleading.

We’ll be sure to review this with our team to ensure they’re better prepared to answer menu questions with clarity and kindness. Thank you again for your honest feedback — it really helps us improve both our service and the overall guest experience.",1760730554,10/17/2025 19:49:14,https://www.google.com/maps/reviews/data=!4m8!14m7!1m6!2m5!1sCi9DQUlRQUNvZENodHljRjlvT2twd1JIUm9RMVYxUjBselZFdHFWVEZTV0hWeVdXYxAB!2m1!1s0x0:0x781b08321893569!3m1!1s2@1:CAIQACodChtycF9oOkpwRHRoQ1V1R0lzVEtqVTFSWHVyWWc%7C0cvSTU8oArp%7C?hl=en,3,1760417695,10/14/2025 04:54:55,,540907507511014761,Dinner,$30–40,4,1,3,,Moderate noise,,,,,2 people,,,,,
ChIJbVusaw5xhlQRaTWJIYOwgQc,KINTON RAMEN ROBSON,0x5486710e6bac5b6d:0x781b08321893569,ChIJbVusaw5xhlQRaTWJIYOwgQc,"https://www.google.com/maps/place/KINTON+RAMEN+ROBSON/@49.2795383,-123.1172879,14z/data=!4m8!1m2!2m1!1sKINTON+RAMEN+ROBSON!3m4!1s0x5486710e6bac5b6d:0x781b08321893569!8m2!3d49.2795383!4d-123.1172879",https://search.google.com/local/reviews?placeid=ChIJbVusaw5xhlQRaTWJIYOwgQc&q=*&authuser=0&hl=en&gl=CA,,1834,4.7,Ci9DQUlRQUNvZENodHljRjlvT2tORVEzWnhTRGR5WDNKWmVXbGhObVp0WmtobFdtYxAB,CAESY0NBRVFGeHBFUTJwRlNVRlNTWEJEWjI5QlVEY3lSMWxuU0VoeFdWOWZSV2hEYnpoU09WSkNXREJqY3pKT2FYaE1PRUZCUVVGQlIyZHVPVEl6UVVOYWFVRmpaWEJuV1VGRFNVRQ==,https://www.google.com/maps/contrib/107580451503353896070?hl=en,Bob_Troll,107580451503353896070,https://lh3.googleusercontent.com/a/ACg8ocIOHTzjEmY7qQeIJD89u1fboQw_wJjGNw6lxuxoRnsZ_Zq9Iw=s120-c-rp-mo-ba3-br100,50,6,Great ramen at a really good price point,,,,"Thanks for the fantastic review, Bob_Troll! We're thrilled to hear you enjoyed our ramen and found it a great value. We can’t wait to welcome you back for another delicious bowl!",1762872303,11/11/2025 14:45:03,https://www.google.com/maps/reviews/data=!4m8!14m7!1m6!2m5!1sCi9DQUlRQUNvZENodHljRjlvT2tORVEzWnhTRGR5WDNKWmVXbGhObVp0WmtobFdtYxAB!2m1!1s0x0:0x781b08321893569!3m1!1s2@1:CAIQACodChtycF9oOkNEQ3ZxSDdyX3JZeWlhNmZtZkhlWmc%7C0cvNcT2Hx0e%7C?hl=en,5,1760397854,10/13/2025 23:24:14,,540907507511014761,,,5,,,,,,,,,,,,,,
ChIJbVusaw5xhlQRaTWJIYOwgQc,KINTON RAMEN ROBSON,0x5486710e6bac5b6d:0x781b08321893569,ChIJbVusaw5xhlQRaTWJIYOwgQc,"https://www.google.com/maps/place/KINTON+RAMEN+ROBSON/@49.2795383,-123.1172879,14z/data=!4m8!1m2!2m1!1sKINTON+RAMEN+ROBSON!3m4!1s0x5486710e6bac5b6d:0x781b08321893569!8m2!3d49.2795383!4d-123.1172879",https://search.google.com/local/reviews?placeid=ChIJbVusaw5xhlQRaTWJIYOwgQc&q=*&authuser=0&hl=en&gl=CA,,1834,4.7,Ci9DQUlRQUNvZENodHljRjlvT2xRMFdWRmxWSFIwYWtKTU9YVTFaRTlhYlVGSlRuYxAB,CAESY0NBRVFHQnBFUTJwRlNVRlNTWEJEWjI5QlVEY3lSMWxyZFRCWk1GOWZSV2hEVGw5Rk5YbzVhRUpVUWw5S05XdHRVVUZCUVVGQlIyZHVPVEpRTkVOYWFWTTNVbXBSV1VGRFNVRQ==,https://www.google.com/maps/contrib/112303797100373780456?hl=en,Olya,112303797100373780456,https://lh3.googleusercontent.com/a-/ALV-UjUZDXRcMfiKZeb3um3r9d2AmcmNOpclxJ9BCBVZAhmP2ZMSmCA=s120-c-rp-mo-br100,7,0,"This is the most delicious ramen I’ve ever had! 🍜I absolutely love your place — the food, the atmosphere, and your amazing staff. Arigato! 💛",https://lh3.googleusercontent.com/geougc-cs/AMBA38vLamUOUjbsgBdSAHeo47DQPQBVFxWU1lraP92jP92wFawKdO5TBQ9VSqaySEfsGetjHKcBIZ1Xl-2eXpBz_UxaKrsbkFEzMNEgM98nkKemYR8rzQwKKy47J2cnvnm_wYtMui-6YUAz_Qk,https://lh3.googleusercontent.com/geougc-cs/AMBA38vLamUOUjbsgBdSAHeo47DQPQBVFxWU1lraP92jP92wFawKdO5TBQ9VSqaySEfsGetjHKcBIZ1Xl-2eXpBz_UxaKrsbkFEzMNEgM98nkKemYR8rzQwKKy47J2cnvnm_wYtMui-6YUAz_Qk,CIABIhDJDzIQSyo0skFNxUIIJndr,"Thank you so much for your wonderful review, Olya! 💛 We’re thrilled to hear you loved the ramen, the atmosphere, and our team. Arigato for sharing your kind words—we can’t wait to welcome you back for another delicious meal! 🍜",1762785566,11/10/2025 14:39:26,https://www.google.com/maps/reviews/data=!4m8!14m7!1m6!2m5!1sCi9DQUlRQUNvZENodHljRjlvT2xRMFdWRmxWSFIwYWtKTU9YVTFaRTlhYlVGSlRuYxAB!2m1!1s0x0:0x781b08321893569!3m1!1s2@1:CAIQACodChtycF9oOlQ0WVFlVHR0akJMOXU1ZE9abUFJTnc%7C0cv4hHLc38N%7C?hl=en,5,1760320338,10/13/2025 01:52:18,,540907507511014761,Lunch,$10–20,5,5,5,,,,,,,"1 person, 2 people, 3-4 people",,,,,"Bar area, Booth seating"
ChIJbVusaw5xhlQRaTWJIYOwgQc,KINTON RAMEN ROBSON,0x5486710e6bac5b6d:0x781b08321893569,ChIJbVusaw5xhlQRaTWJIYOwgQc,"https://www.google.com/maps/place/KINTON+RAMEN+ROBSON/@49.2795383,-123.1172879,14z/data=!4m8!1m2!2m1!1sKINTON+RAMEN+ROBSON!3m4!1s0x5486710e6bac5b6d:0x781b08321893569!8m2!3d49.2795383!4d-123.1172879",https://search.google.com/local/reviews?placeid=ChIJbVusaw5xhlQRaTWJIYOwgQc&q=*&authuser=0&hl=en&gl=CA,,1834,4.7,Ci9DQUlRQUNvZENodHljRjlvT2pWQlUxWjJPWGRpY2xnNFF5MDVUMVEzU0RaU2NsRRAB,CAESY0NBRVFHUnBFUTJwRlNVRlNTWEJEWjI5QlVEY3lSMWxzYmpsaFNGOWZSV2hFU1ZoZmVsVm1lbmh0ZVZOclJEQmhTVUZCUVVGQlIyZHVPUzEyUVVOYWFWZG1NVzlqV1VGRFNVRQ==,https://www.google.com/maps/contrib/116730421451898767487?hl=en,Claudia Midori,116730421451898767487,https://lh3.googleusercontent.com/a-/ALV-UjUgfDnGGbPrcgPPrMWQUvtsQ13YJuw6FCh5bP6psEp-eHSjZ0wSlw=s120-c-rp-mo-ba7-br100,497,129,,,,,"Hi Claudia, thank you for your rating! We hope to see you back soon.",1760314982,10/13/2025 00:23:02,https://www.google.com/maps/reviews/data=!4m8!14m7!1m6!2m5!1sCi9DQUlRQUNvZENodHljRjlvT2pWQlUxWjJPWGRpY2xnNFF5MDVUMVEzU0RaU2NsRRAB!2m1!1s0x0:0x781b08321893569!3m1!1s2@1:CAIQACodChtycF9oOjVBU1Z2OXdiclg4Qy05T1Q3SDZSclE%7C0cv12ECODDR%7C?hl=en,5,1760305359,10/12/2025 21:42:39,,540907507511014761,Lunch,$30–40,5,5,5,,Moderate noise,,,,,,,,,,
ChIJbVusaw5xhlQRaTWJIYOwgQc,KINTON RAMEN ROBSON,0x5486710e6bac5b6d:0x781b08321893569,ChIJbVusaw5xhlQRaTWJIYOwgQc,"https://www.google.com/maps/place/KINTON+RAMEN+ROBSON/@49.2795383,-123.1172879,14z/data=!4m8!1m2!2m1!1sKINTON+RAMEN+ROBSON!3m4!1s0x5486710e6bac5b6d:0x781b08321893569!8m2!3d49.2795383!4d-123.1172879",https://search.google.com/local/reviews?placeid=ChIJbVusaw5xhlQRaTWJIYOwgQc&q=*&authuser=0&hl=en&gl=CA,,1834,4.7,Ci9DQUlRQUNvZENodHljRjlvT2tOamFHczBRbFJaU0dGT04yTnZVVTFwZURoME9XYxAB,CAESY0NBRVFHaHBFUTJwRlNVRlNTWEJEWjI5QlVEY3lSMWx0TFVWcFNGOWZSV2hCZEZKM2FWbHRiV2RDUldOS2NYbzJNRUZCUVVGQlIyZHVPVEpaTkVOYWFXSTBVMGxqV1VGRFNVRQ==,https://www.google.com/maps/contrib/118252196011664796642?hl=en,Chloe,118252196011664796642,https://lh3.googleusercontent.com/a/ACg8ocJZyvNdlTMVWLCsJ4-CfBoYX_B8cKV0DCWP372kYs1pxVpglw=s120-c-rp-mo-ba5-br100,126,208,Great taste and service. I'm going to visit again.,https://lh3.googleusercontent.com/geougc-cs/AMBA38uNjBQ5nkWcEFjUAg2xdtpejER7B42NNp-kmdGOtDG24Y9PHV4DvslJbNqC4vBvVlimNnNJwtPjfaZXTKcDhrBN3Y3p7pz4uB5uvkl79ck26l8GQxI3Igv9_N-ea6J5Q6QMH8bzUSulIHNr,https://lh3.googleusercontent.com/geougc-cs/AMBA38uNjBQ5nkWcEFjUAg2xdtpejER7B42NNp-kmdGOtDG24Y9PHV4DvslJbNqC4vBvVlimNnNJwtPjfaZXTKcDhrBN3Y3p7pz4uB5uvkl79ck26l8GQxI3Igv9_N-ea6J5Q6QMH8bzUSulIHNr,CIABIhB4YUReAp4NM2LHAaXS2MqF,"Thank you so much for your kind words, Chloe! 😊 We’re glad you enjoyed the taste and service, and we can’t wait to welcome you back soon! 🍜💛",1762528171,11/07/2025 15:09:31,https://www.google.com/maps/reviews/data=!4m8!14m7!1m6!2m5!1sCi9DQUlRQUNvZENodHljRjlvT2tOamFHczBRbFJaU0dGT04yTnZVVTFwZURoME9XYxAB!2m1!1s0x0:0x781b08321893569!3m1!1s2@1:CAIQACodChtycF9oOkNjaGs0QlRZSGFON2NvUU1peDh0OWc%7C0cuwXWb7oas%7C?hl=en,5,1760282785,10/12/2025 15:26:25,,540907507511014761,,,5,4,4,,,,,,,,,,,,
ChIJbVusaw5xhlQRaTWJIYOwgQc,KINTON RAMEN ROBSON,0x5486710e6bac5b6d:0x781b08321893569,ChIJbVusaw5xhlQRaTWJIYOwgQc,"https://www.google.com/maps/place/KINTON+RAMEN+ROBSON/@49.2795383,-123.1172879,14z/data=!4m8!1m2!2m1!1sKINTON+RAMEN+ROBSON!3m4!1s0x5486710e6bac5b6d:0x781b08321893569!8m2!3d49.2795383!4d-123.1172879",https://search.google.com/local/reviews?placeid=ChIJbVusaw5xhlQRaTWJIYOwgQc&q=*&authuser=0&hl=en&gl=CA,,1834,4.7,Ci9DQUlRQUNvZENodHljRjlvT25kYVgyWXhhMnBuZUhreFYweFhaRFEyZUVablJFRRAB,CAESY0NBRVFHeHBFUTJwRlNVRlNTWEJEWjI5QlVEY3lSMWx2T1ZKaVVsOWZSV2hEUkRWblYyZEhWRWRWZHpGM1FVOU1kMEZCUVVGQlIyZHVPVEpRVFVOYWFXb3hSblJGV1VGRFNVRQ==,https://www.google.com/maps/contrib/113676488132523825676?hl=en,Anton D,113676488132523825676,https://lh3.googleusercontent.com/a-/ALV-UjX6bZcaEXUusPjaUUU3kvxIZ29ZtyiPR1is71t0qZdBGFqjnXY=s120-c-rp-mo-ba4-br100,74,23,"Kinton is solid place to get ramen. I got the sweet and spicy ramen with ground meat for $19.99.
It was delicious. Not necessarily authentic, but very tasty nonetheless. Portions are great.
If you are in the area and looking to get ramen, check Kinton out. 4/5 for me.",https://lh3.googleusercontent.com/geougc-cs/AMBA38sOctqARI6_9oSHGBbziP5IfbdpRvTlCR16ZAMCV0BtaCNojBJ_JZ4yYSV0MO3dFfBJLFi3ypcXN6kHh4kibBeBy6BLD_Ul1JjaVlDxQIlLnr-TLHYj3NG_xDjSX9Z8W1LhMWxF7DXizaZI,https://lh3.googleusercontent.com/geougc-cs/AMBA38sOctqARI6_9oSHGBbziP5IfbdpRvTlCR16ZAMCV0BtaCNojBJ_JZ4yYSV0MO3dFfBJLFi3ypcXN6kHh4kibBeBy6BLD_Ul1JjaVlDxQIlLnr-TLHYj3NG_xDjSX9Z8W1LhMWxF7DXizaZI,CIABIhAeJha1nV4X5cOHLKF5NL99,"Thank you so much for the thoughtful review, Anton! We’re really happy to hear you enjoyed the Sweet & Spicy Ramen — it’s great to know the flavor and portion size hit the mark for you. We appreciate your honest feedback about authenticity and are glad you still found it delicious and worth recommending. That means a lot to us! Hope to welcome you back again soon for another solid bowl 🍜",1761141057,10/22/2025 13:50:57,https://www.google.com/maps/reviews/data=!4m8!14m7!1m6!2m5!1sCi9DQUlRQUNvZENodHljRjlvT25kYVgyWXhhMnBuZUhreFYweFhaRFEyZUVablJFRRAB!2m1!1s0x0:0x781b08321893569!3m1!1s2@1:CAIQACodChtycF9oOndaX2Yxa2pneHkxV0xXZDQ2eEZnREE%7C0cuoOVWH0QV%7C?hl=en,4,1760249440,10/12/2025 06:10:40,,540907507511014761,Dinner,$10–20,4,5,4,,,,,,,,,,,,
ChIJbVusaw5xhlQRaTWJIYOwgQc,KINTON RAMEN ROBSON,0x5486710e6bac5b6d:0x781b08321893569,ChIJbVusaw5xhlQRaTWJIYOwgQc,"https://www.google.com/maps/place/KINTON+RAMEN+ROBSON/@49.2795383,-123.1172879,14z/data=!4m8!1m2!2m1!1sKINTON+RAMEN+ROBSON!3m4!1s0x5486710e6bac5b6d:0x781b08321893569!8m2!3d49.2795383!4d-123.1172879",https://search.google.com/local/reviews?placeid=ChIJbVusaw5xhlQRaTWJIYOwgQc&q=*&authuser=0&hl=en&gl=CA,,1834,4.7,Ci9DQUlRQUNvZENodHljRjlvT2pCZlYzWXdWVGh1Y0hSSExVcERkVkpUYzJaVUxWRRAB,CAESY0NBRVFIQnBFUTJwRlNVRlNTWEJEWjI5QlVEY3lSMWwyV1VKaFJWOWZSV2hDZEd0T05teGhlV2RLT0Zoa2FrZFBNRUZCUVVGQlIyZHVPVEpRYTBOYWFUbG5SbTlSV1VGRFNVRQ==,https://www.google.com/maps/contrib/116075292360474211579?hl=en,Raul Herrera,116075292360474211579,https://lh3.googleusercontent.com/a/ACg8ocIXWYA-aVds8LEfErLPZhQkwWYq9hotFP5yhDjpU6Zty0_cRw=s120-c-rp-mo-ba5-br100,132,16,"Based on a personal recommendation from my friend, we first visited this eatery yesterday and oh boy, it did not disappoint!
I ordered pork ramen, and it was one of the best I had tasted in decades!
Gyoza, on the side, waa also very good!",https://lh3.googleusercontent.com/geougc-cs/AMBA38ukm_FKhBa2I4ad2UoPIDLu7rAIpWxPEqBif19v2L2Wlj5nwu_vFrInCCu77X8jbRuX9L0TZxyBqV0aCnn6iWbJ2RfrUvpygkIZ948PCAdKvGywKVpeEFvNEWnS3v_bV2Rxd7LnI2Chi0pR,https://lh3.googleusercontent.com/geougc-cs/AMBA38ukm_FKhBa2I4ad2UoPIDLu7rAIpWxPEqBif19v2L2Wlj5nwu_vFrInCCu77X8jbRuX9L0TZxyBqV0aCnn6iWbJ2RfrUvpygkIZ948PCAdKvGywKVpeEFvNEWnS3v_bV2Rxd7LnI2Chi0pR,CIABIhB2kvqC4x-e6pQ4dC4mY280,"Thank you so much for your wonderful review, Raul! We’re thrilled to hear your first visit lived up to the recommendation and that you enjoyed the pork ramen and gyoza. Your kind words mean a lot to our team, and we can’t wait to welcome you back for another delicious meal! 🍜🥟",1762440915,11/06/2025 14:55:15,https://www.google.com/maps/reviews/data=!4m8!14m7!1m6!2m5!1sCi9DQUlRQUNvZENodHljRjlvT2pCZlYzWXdWVGh1Y0hSSExVcERkVkpUYzJaVUxWRRAB!2m1!1s0x0:0x781b08321893569!3m1!1s2@1:CAIQACodChtycF9oOjBfV3YwVThucHRHLUpDdVJTc2ZULVE%7C0cuP63upyCT%7C?hl=en,5,1760141764,10/11/2025 00:16:04,,540907507511014761,Lunch,$10–20,5,5,5,,Moderate noise,,,,,3-4 people,,,,,
ChIJbVusaw5xhlQRaTWJIYOwgQc,KINTON RAMEN ROBSON,0x5486710e6bac5b6d:0x781b08321893569,ChIJbVusaw5xhlQRaTWJIYOwgQc,"https://www.google.com/maps/place/KINTON+RAMEN+ROBSON/@49.2795383,-123.1172879,14z/data=!4m8!1m2!2m1!1sKINTON+RAMEN+ROBSON!3m4!1s0x5486710e6bac5b6d:0x781b08321893569!8m2!3d49.2795383!4d-123.1172879",https://search.google.com/local/reviews?placeid=ChIJbVusaw5xhlQRaTWJIYOwgQc&q=*&authuser=0&hl=en&gl=CA,,1834,4.7,Ci9DQUlRQUNvZENodHljRjlvT2xaQ05tazVRMUphY0dRemExbzRTRnBhT1U1b1QzYxAB,CAESY0NBRVFIUnBFUTJwRlNVRlNTWEJEWjI5QlVEY3lSMWt3TUhkd1NGOWZSV2hEYUVOalgweDJZVTUxVlZrNWVGWndNRUZCUVVGQlIyZHVPVE5xUlVOYWFsUlVRMnRqV1VGRFNVRQ==,https://www.google.com/maps/contrib/106040570910738010456?hl=en,Ati Jahan,106040570910738010456,https://lh3.googleusercontent.com/a-/ALV-UjXTt7dgHFCWnUNaVCalqHIgspBP61UnWqfdaHH0JX2zE_OXhQa67Q=s120-c-rp-mo-ba6-br100,470,160,"It was great, quick and tasty",,,,"Thank you so much for your wonderful comment, Ati! We’re glad you enjoyed your meal and had a quick, tasty experience. 🍜💛 We look forward to welcoming you back soon!",1762353709,11/05/2025 14:41:49,https://www.google.com/maps/reviews/data=!4m8!14m7!1m6!2m5!1sCi9DQUlRQUNvZENodHljRjlvT2xaQ05tazVRMUphY0dRemExbzRTRnBhT1U1b1QzYxAB!2m1!1s0x0:0x781b08321893569!3m1!1s2@1:CAIQACodChtycF9oOlZCNmk5Q1JacGQza1o4SFpaOU5oT3c%7C0cu2mdMr7Fr%7C?hl=en,5,1760050345,10/09/2025 22:52:25,,540907507511014761,,,5,5,5,,,,,,,,,,,,
ChIJbVusaw5xhlQRaTWJIYOwgQc,KINTON RAMEN ROBSON,0x5486710e6bac5b6d:0x781b08321893569,ChIJbVusaw5xhlQRaTWJIYOwgQc,"https://www.google.com/maps/place/KINTON+RAMEN+ROBSON/@49.2795383,-123.1172879,14z/data=!4m8!1m2!2m1!1sKINTON+RAMEN+ROBSON!3m4!1s0x5486710e6bac5b6d:0x781b08321893569!8m2!3d49.2795383!4d-123.1172879",https://search.google.com/local/reviews?placeid=ChIJbVusaw5xhlQRaTWJIYOwgQc&q=*&authuser=0&hl=en&gl=CA,,1834,4.7,Ci9DQUlRQUNvZENodHljRjlvT21RNVNWcGZTMmhXTW13dFJraERVelpHYnpoSmEzYxAB,CAESY0NBRVFIaHBFUTJwRlNVRlNTWEJEWjI5QlVEY3lSMWsxWHpkd2RGOWZSV2hCU3pNeGVGbHRjR2xqVVhNMFMwaHZPRUZCUVVGQlIyZHVPVEpUZDBOYWFtNWZkVzB3V1VGRFNVRQ==,https://www.google.com/maps/contrib/103721532086503531547?hl=en,K OJ,103721532086503531547,https://lh3.googleusercontent.com/a/ACg8ocIRnGOU1oo38Jl7jYdZtSI4O8N8Onxl6sAWDd-HkSJMLAunkW4=s120-c-rp-mo-ba3-br100,31,3,"When we first came here months ago the Pork original was so good so we came back today. Ordered the same thing and noticed they changed the broth. The broth was so bland that almost tasteless. Maybe some customers complained it’s too salty but you’re not supposed to drink all ramen soup.
The chashu was just bland pork. It’s an insult for chashu to call it chashu.
Good service so very sad they changed their soup!!!",,,,"Thank you so much for coming back and for sharing your thoughts with us — it really means a lot that you remembered and returned for the ramen you loved. We're so sorry to hear that this visit didn’t live up to your last experience. We truly appreciate your honest feedback about the broth and chashu — consistency and balance of flavour are things we take seriously, and we’ll be sure to share your comments with our kitchen team.

It’s wonderful to hear that you still found the service good, and we hope you’ll consider giving us another chance to bring back the flavour and warmth you enjoyed before.",1760648242,10/16/2025 20:57:22,https://www.google.com/maps/reviews/data=!4m8!14m7!1m6!2m5!1sCi9DQUlRQUNvZENodHljRjlvT21RNVNWcGZTMmhXTW13dFJraERVelpHYnpoSmEzYxAB!2m1!1s0x0:0x781b08321893569!3m1!1s2@1:CAIQACodChtycF9oOmQ5SVpfS2hWMmwtRkhDUzZGbzhJa3c%7C0ctia9aHe2Y%7C?hl=en,3,1759963530,10/08/2025 22:45:30,,540907507511014761,Lunch,$20–30,,Dine in,,,,,,,,,,,,,
ChIJbVusaw5xhlQRaTWJIYOwgQc,KINTON RAMEN ROBSON,0x5486710e6bac5b6d:0x781b08321893569,ChIJbVusaw5xhlQRaTWJIYOwgQc,"https://www.google.com/maps/place/KINTON+RAMEN+ROBSON/@49.2795383,-123.1172879,14z/data=!4m8!1m2!2m1!1sKINTON+RAMEN+ROBSON!3m4!1s0x5486710e6bac5b6d:0x781b08321893569!8m2!3d49.2795383!4d-123.1172879",https://search.google.com/local/reviews?placeid=ChIJbVusaw5xhlQRaTWJIYOwgQc&q=*&authuser=0&hl=en&gl=CA,,1834,4.7,Ci9DQUlRQUNvZENodHljRjlvT21aU2RYcDNPWGhTTTFKSVFqUlFSMU50WTBaQlgwRRAB,CAESY0NBRVFIeHBFUTJwRlNVRlNTWEJEWjI5QlVEY3lSMWsyWmpsZk1WOWZSV2hDU2tKMVl6TjRabUZLZG5aS1FUZHRORUZCUVVGQlIyZHVPVEpSWjBOYWFuQmZNMTlWV1VGRFNVRQ==,https://www.google.com/maps/contrib/116631261597367042033?hl=en,Lyon Hu,116631261597367042033,https://lh3.googleusercontent.com/a-/ALV-UjVag8DBzMsDlZhoV9i6f7JtuCWYGq1494EkJJkKN4F90VTLQNoF=s120-c-rp-mo-ba4-br100,152,0,"This place is a good option if you’re craving a quick ramen. However, the flavor is quite bland.","https://lh3.googleusercontent.com/geougc-cs/AMBA38t7p2QVivuuz1xRqrsLEOxJoSV4-XB0M0WdOw-Ez_v8cVrGsleFFRg7tOwAt4vJaYKnAFHIQNb5tkwpAJRWBH19S4flPTnvC7ALGuqs2BDYDOopvOy0PruFXxp_0w1s0He8bjlZUeV0N_PO, https://lh3.googleusercontent.com/geougc-cs/AMBA38vsvioIsnUga3p4r44AplmZJ9NoqRwkYUN5-i_aruzZNlFt0HcKNkX7SV8rNUfJLKsioah4GWkQ1u6iZ0fRIZvA79fHKNT0wpVJDuQ4BmRUToFel3P8Y4fyLi3P26N_ot3eT-CWHi5fGQ5L",https://lh3.googleusercontent.com/geougc-cs/AMBA38t7p2QVivuuz1xRqrsLEOxJoSV4-XB0M0WdOw-Ez_v8cVrGsleFFRg7tOwAt4vJaYKnAFHIQNb5tkwpAJRWBH19S4flPTnvC7ALGuqs2BDYDOopvOy0PruFXxp_0w1s0He8bjlZUeV0N_PO,"CIABIhB_6z0abufmzovcYTo1CgEu, CIABIhAPlKPZK5gJoXs0gK9Qc_FQ","Thank you so much for your comment, Lyon. We're glad to hear we could be a convenient ramen option for you! We’re sorry to hear the flavor didn’t quite hit the mark — we appreciate the honest feedback. We hope to have the chance to welcome you back and make your next bowl more memorable!",1761052990,10/21/2025 13:23:10,https://www.google.com/maps/reviews/data=!4m8!14m7!1m6!2m5!1sCi9DQUlRQUNvZENodHljRjlvT21aU2RYcDNPWGhTTTFKSVFqUlFSMU50WTBaQlgwRRAB!2m1!1s0x0:0x781b08321893569!3m1!1s2@1:CAIQACodChtycF9oOmZSdXp3OXhSM1JIQjRQR1NtY0ZBX0E%7C0ctgXwOR6XX%7C?hl=en,4,1759955132,10/08/2025 20:25:32,,540907507511014761,Lunch,$20–30,4,3,2,,,,,,,,,,,,
ChIJbVusaw5xhlQRaTWJIYOwgQc,KINTON RAMEN ROBSON,0x5486710e6bac5b6d:0x781b08321893569,ChIJbVusaw5xhlQRaTWJIYOwgQc,"https://www.google.com/maps/place/KINTON+RAMEN+ROBSON/@49.2795383,-123.1172879,14z/data=!4m8!1m2!2m1!1sKINTON+RAMEN+ROBSON!3m4!1s0x5486710e6bac5b6d:0x781b08321893569!8m2!3d49.2795383!4d-123.1172879",https://search.google.com/local/reviews?placeid=ChIJbVusaw5xhlQRaTWJIYOwgQc&q=*&authuser=0&hl=en&gl=CA,,1834,4.7,Ci9DQUlRQUNvZENodHljRjlvT21OQk5ubG5WelJ4T1hkbFJsaDNOWFZvTlZaUk5sRRAB,CAESY0NBRVFJQnBFUTJwRlNVRlNTWEJEWjI5QlVEY3lSMXBIUTFWR2RGOWZSV2hFVFhZeFNqWjNPV1ZEY0daNlNFWnBhMEZCUVVGQlIyZHVPVEpRVlVOYWExbEtVVmN3V1VGRFNVRQ==,https://www.google.com/maps/contrib/116741361468765770163?hl=en,Saurav,116741361468765770163,https://lh3.googleusercontent.com/a-/ALV-UjUQs4UX81at1exGLqfLgHvoeqzmv99kZwCXmr7Kvb-_BGvoc4c=s120-c-rp-mo-ba3-br100,29,27,"Kinton has always been my go-to for Ramen 🍜. It was my first time in Vancouver, and I had to try Ramen because of the rainy weather( Obvious in Vancouver). I went to this place and was not disappointed. It’s very good! Had to wait for a bit as usual, but it’s worth the wait. Definitely recommend! 👍","https://lh3.googleusercontent.com/geougc-cs/AMBA38swVrN4Xv4dIL4pImWtRKwMkQJcCrBq_2HspBOd1sudJ3exS9dPCTy3IGwtXUrKV5NqBv9jnIX1RgHgsBBD9hY4kt4kX0q72JJthM-fD3_8HJzsjqYTaiRLuh-ra8IS8G0Aq28meo6peZc, https://lh3.googleusercontent.com/geougc-cs/AMBA38sbBQ3uh4A-LdSMEc9kdg_-ldM1qUsoFtUevaG8J3wCBZzw3TE4x9m2-8Et0C6Ky_dnTNVLtHkcfx7Q0x0fUK359RZglRZPeu0oRqmjfmwmZEUAjSDZJg9X1NQ4ZlyOuT4330sMeHctmiE",https://lh3.googleusercontent.com/geougc-cs/AMBA38swVrN4Xv4dIL4pImWtRKwMkQJcCrBq_2HspBOd1sudJ3exS9dPCTy3IGwtXUrKV5NqBv9jnIX1RgHgsBBD9hY4kt4kX0q72JJthM-fD3_8HJzsjqYTaiRLuh-ra8IS8G0Aq28meo6peZc,"CIABIhBA-Gc1iT1RJIeZEktutWjc, CIABIhAshQ7Hi8IAOys6NIG4pJHh","Hi Saurav, thank you for your rating! We hope to see you back soon.",1759753494,10/06/2025 12:24:54,https://www.google.com/maps/reviews/data=!4m8!14m7!1m6!2m5!1sCi9DQUlRQUNvZENodHljRjlvT21OQk5ubG5WelJ4T1hkbFJsaDNOWFZvTlZaUk5sRRAB!2m1!1s0x0:0x781b08321893569!3m1!1s2@1:CAIQACodChtycF9oOmNBNnlnVzRxOXdlRlh3NXVoNVZRNlE%7C0csxHfbjfeQ%7C?hl=en,5,1759761579,10/06/2025 14:39:39,,540907507511014761,Dinner,$10–20,5,5,5,,Moderate noise,Not sure,,,Parking,Suitable for all group sizes,,,,,
ChIJbVusaw5xhlQRaTWJIYOwgQc,KINTON RAMEN ROBSON,0x5486710e6bac5b6d:0x781b08321893569,ChIJbVusaw5xhlQRaTWJIYOwgQc,"https://www.google.com/maps/place/KINTON+RAMEN+ROBSON/@49.2795383,-123.1172879,14z/data=!4m8!1m2!2m1!1sKINTON+RAMEN+ROBSON!3m4!1s0x5486710e6bac5b6d:0x781b08321893569!8m2!3d49.2795383!4d-123.1172879",https://search.google.com/local/reviews?placeid=ChIJbVusaw5xhlQRaTWJIYOwgQc&q=*&authuser=0&hl=en&gl=CA,,1834,4.7,Ci9DQUlRQUNvZENodHljRjlvT2pjd05EYzVTeTE1ZDBGU1VHVmpZbVZtVDB4c1ptYxAB,CAESY0NBRVFJUnBFUTJwRlNVRlNTWEJEWjI5QlVEY3lSMXBOTldFMVFWOWZSV2hDVlVsTloyeHRkRkJKVUc5c1dreEphMEZCUVVGQlIyZHVPVEpRT0VOYWEzcHNjbXRCV1VGRFNVRQ==,https://www.google.com/maps/contrib/115080209473913052306?hl=en,Daniel Chernov,115080209473913052306,https://lh3.googleusercontent.com/a/ACg8ocJj8SCtmbKdUC_LFLHIYKhkZbNuqCKtX7Xp25koJLX-BMm4GQ=s120-c-rp-mo-ba3-br100,39,0,"Surprised how many good reviews this place has. We got a pork original and the broth was quite bland. The chashu didn't have that BBQ/grilled flavor/taste, it was fine but nothing special. Service was fine but slow, not enough servers for how busy it was at 11:30pm. Price was good. Good place for a late night ramen when everything else is closed but I wouldn't come for dinner.",,,,"Thank you for sharing your detailed feedback, Daniel. We’re sorry to hear that the pork original ramen didn’t meet your expectations and that the chashu didn’t have the flavour you were hoping for.

We also appreciate your comments about service — we understand how it can feel slow when the restaurant is busy. Your feedback is valuable, and we’ll share it with our team as we continue to improve.

We’re glad you found it a convenient late-night option and appreciate your honesty. We hope to have the chance to provide a better experience for dinner in the future.",1760472576,10/14/2025 20:09:36,https://www.google.com/maps/reviews/data=!4m8!14m7!1m6!2m5!1sCi9DQUlRQUNvZENodHljRjlvT2pjd05EYzVTeTE1ZDBGU1VHVmpZbVZtVDB4c1ptYxAB!2m1!1s0x0:0x781b08321893569!3m1!1s2@1:CAIQACodChtycF9oOjcwNDc5Sy15d0FSUGVjYmVmT0xsZmc%7C0csWB5YDXkz%7C?hl=en,3,1759646470,10/05/2025 06:41:10,,540907507511014761,Other,$30–40,3,4,4,,"Quiet, easy to talk",,,,,2 people,,,,,
ChIJbVusaw5xhlQRaTWJIYOwgQc,KINTON RAMEN ROBSON,0x5486710e6bac5b6d:0x781b08321893569,ChIJbVusaw5xhlQRaTWJIYOwgQc,"https://www.google.com/maps/place/KINTON+RAMEN+ROBSON/@49.2795383,-123.1172879,14z/data=!4m8!1m2!2m1!1sKINTON+RAMEN+ROBSON!3m4!1s0x5486710e6bac5b6d:0x781b08321893569!8m2!3d49.2795383!4d-123.1172879",https://search.google.com/local/reviews?placeid=ChIJbVusaw5xhlQRaTWJIYOwgQc&q=*&authuser=0&hl=en&gl=CA,,1834,4.7,Ci9DQUlRQUNvZENodHljRjlvT214b2RXeExVVTFQY21GemFITkRiRFJNWDFkaWFVRRAB,CAESY0NBRVFJaHBFUTJwRlNVRlNTWEJEWjI5QlVEY3lSMXBQTTFkcmFsOWZSV2hDVWxNelgxbG5UV0ZIVWt0emJHMVZSVUZCUVVGQlIyZHVPVEpXVVVOYWF6ZGtZVk5OV1VGRFNVRQ==,https://www.google.com/maps/contrib/109828474197157445152?hl=en,Joyce Lin,109828474197157445152,https://lh3.googleusercontent.com/a-/ALV-UjXOK6QTX2j76KBYqY5E5oOlqaBkYTrzy5FV6RnOIzvfOKsgUZ3O=s120-c-rp-mo-ba4-br100,216,16,Pork original 很美味，湯頭不是很鹹的那種，天氣冷可以喝熱熱的湯很幸福。,,,,"Thank you for your wonderful feedback, Joyce! We’re so glad to hear you enjoyed the pork original and that the soup was just right for the cold weather. We look forward to serving you another bowl soon!",1761660239,10/28/2025 14:03:59,https://www.google.com/maps/reviews/data=!4m8!14m7!1m6!2m5!1sCi9DQUlRQUNvZENodHljRjlvT214b2RXeExVVTFQY21GemFITkRiRFJNWDFkaWFVRRAB!2m1!1s0x0:0x781b08321893569!3m1!1s2@1:CAIQACodChtycF9oOmxodWxLUU1PcmFzaHNDbDRMX1diaUE%7C0csO7H7NE57%7C?hl=en,5,1759613458,10/04/2025 21:30:58,,540907507511014761,,,5,5,5,,,,,,,,,,,,
